"ensembl_gene_id","chromosome_name","start_position","end_position","hsapiens_homolog_ensembl_gene","hsapiens_homolog_chromosome","hsapiens_homolog_chrom_start","hsapiens_homolog_chrom_end","hsapiens_homolog_associated_gene_name","hsapiens_homolog_orthology_type","hsapiens_homolog_perc_id_r1"
"ENSGACG00000007524","XII",10996226,11000522,"ENSG00000180758","1",9100305,9129102,"GPR157","ortholog_one2one",57.3134
"ENSGACG00000007486","XII",11001442,11014055,"ENSG00000142583","1",9035106,9088478,"SLC2A5","ortholog_one2one",66.4671
"ENSGACG00000007396","XII",11031070,11039096,"ENSG00000074800","1",8861000,8879190,"ENO1","ortholog_one2one",87.5576
"ENSGACG00000007376","XII",11183639,11226778,"ENSG00000187634","1",923923,944575,"SAMD11","ortholog_one2one",53.673
"ENSGACG00000007367","XII",11227813,11247459,"ENSG00000188976","1",944203,959309,"NOC2L","ortholog_one2one",56.2083
"ENSGACG00000007356","XII",11243543,11252937,"ENSG00000187961","1",960584,965719,"KLHL17","ortholog_one2one",83.9564
"ENSGACG00000007334","XII",11320934,11323404,"ENSG00000188290","1",998962,1000172,"HES4","ortholog_one2one",60.6335
"ENSGACG00000026271","XII",11355482,11359716,"ENSG00000183770","3",138944224,138947137,"FOXL2","ortholog_one2one",32.1809
"ENSGACG00000007313","XII",11374116,11388249,"ENSG00000171608","1",9629889,9729114,"PIK3CD","ortholog_one2one",67.0498
"ENSGACG00000007303","XII",11389411,11406469,"ENSG00000178585","1",9848276,9910336,"CTNNBIP1","ortholog_one2one",65.4321
"ENSGACG00000007295","XII",11421913,11449662,"ENSG00000171603","1",9728926,9823984,"CLSTN1","ortholog_one2one",75.2294
"ENSGACG00000007262","XII",11452190,11455211,"ENSG00000162441","1",9922113,9943407,"LZIC","ortholog_one2one",59.4737
"ENSGACG00000030382","XII",11454952,11458781,"ENSG00000173614","1",9943428,9985501,"NMNAT1","ortholog_one2one",55.914
"ENSGACG00000008630","XII",10148889,10153016,"ENSG00000102030","X",153929225,153935080,"NAA10","ortholog_one2one",78.2979
"ENSGACG00000008546","XII",10243772,10248155,"ENSG00000178498","12",57604622,57609804,"DTX3","ortholog_one2one",43.804
"ENSGACG00000008770","XII",10056997,10065708,"ENSG00000172943","X",53936676,54048958,"PHF8","ortholog_one2one",61.1328
"ENSGACG00000008755","XII",10068117,10090554,"ENSG00000196632","X",54192823,54358642,"WNK3","ortholog_one2one",44.0556
"ENSGACG00000008732","XII",10098419,10103479,"ENSG00000071889","X",154506159,154516242,"FAM3A","ortholog_one2one",65.2174
"ENSGACG00000008662","XII",10136577,10140217,"ENSG00000180879","X",153793516,153798499,"SSR4","ortholog_one2one",54.3353
"ENSGACG00000007067","XII",11812536,11815286,"ENSG00000116649","1",11054584,11060020,"SRM","ortholog_one2one",72.5166
"ENSGACG00000007037","XII",11815820,11825593,"ENSG00000171824","1",11066618,11099869,"EXOSC10","ortholog_one2one",60.226
"ENSGACG00000006953","XII",12056990,12066529,"ENSG00000131044","20",31870634,31945000,"TTLL9","ortholog_one2one",64.4647
"ENSGACG00000006920","XII",12111205,12117485,"ENSG00000124155","20",45416084,45456934,"PIGT","ortholog_one2one",68.1661
"ENSGACG00000008477","XII",10263192,10274770,"ENSG00000166888","12",57095408,57132139,"STAT6","ortholog_one2one",33.294
"ENSGACG00000013098","XII",20029662,20121956,"ENSG00000196924","X",154348524,154374634,"FLNA","ortholog_one2one",77.7106
"ENSGACG00000007078","XII",11792953,11795889,"ENSG00000009724","1",11022009,11047239,"MASP2","ortholog_one2one",19.8251
"ENSGACG00000005862","XII",13575601,13616027,"ENSG00000010319","3",52433035,52445103,"SEMA3G","ortholog_one2one",60.2302
"ENSGACG00000005848","XII",13633474,13650020,"ENSG00000012171","3",50267558,50277546,"SEMA3B","ortholog_one2one",60.7477
"ENSGACG00000007527","XII",10973179,10978606,"ENSG00000171621","1",9292894,9369532,"SPSB1","ortholog_one2one",81.685
"ENSGACG00000005796","XII",13764586,13767774,"ENSG00000186792","3",50292831,50299405,"HYAL3","ortholog_one2one",41.247
"ENSGACG00000027244","XII",13767714,13774729,"ENSG00000243477","3",50296402,50299416,"NAA80","ortholog_one2one",39.1608
"ENSGACG00000005782","XII",13815203,13838645,"ENSG00000074416","3",127689062,128052190,"MGLL","ortholog_one2one",53.0351
"ENSGACG00000005768","XII",13868527,13877385,"ENSG00000178252","3",49007062,49015953,"WDR6","ortholog_one2one",35.058
"ENSGACG00000005753","XII",13891096,13961081,"ENSG00000008300","3",48636463,48662886,"CELSR3","ortholog_one2one",58.8466
"ENSGACG00000005745","XII",13982295,13988285,"ENSG00000178149","3",49015488,49022293,"DALRD3","ortholog_one2one",41.6206
"ENSGACG00000030224","XII",10420224,10424180,"ENSG00000177981","12",48147789,48181213,"ASB8","ortholog_one2one",78.8194
"ENSGACG00000008311","XII",10453405,10462390,"ENSG00000023892","6",35297818,35321771,"DEF6","ortholog_one2one",66.2441
"ENSGACG00000008288","XII",10463249,10469943,"ENSG00000112033","6",35342558,35428191,"PPARD","ortholog_one2one",72.1088
"ENSGACG00000008262","XII",10473665,10477700,"ENSG00000112039","6",35452338,35467104,"FANCE","ortholog_one2one",23.8806
"ENSGACG00000008208","XII",10477962,10508616,"ENSG00000198887","9",70258978,70354873,"SMC5","ortholog_one2one",53.7693
"ENSGACG00000008244","XII",10483603,10491610,"ENSG00000163362","1",200891048,200915742,"INAVA","ortholog_one2one",36.8512
"ENSGACG00000008195","XII",10509087,10519192,"ENSG00000116299","1",109113679,109206781,"ELAPOR1","ortholog_one2one",51.1352
"ENSGACG00000008079","XII",10639596,10642983,"ENSG00000118655","1",113904619,113914086,"DCLRE1B","ortholog_one2one",38.3459
"ENSGACG00000008035","XII",10677978,10682897,"ENSG00000100985","20",46008908,46016561,"MMP9","ortholog_one2one",55.0212
"ENSGACG00000008023","XII",10682875,10693658,"ENSG00000198026","20",45948660,45972203,"ZNF335","ortholog_one2one",52.459
"ENSGACG00000032627","XII",10704909,10708052,"ENSG00000134248","1",110401249,110407942,"LAMTOR5","ortholog_one2one",72.5275
"ENSGACG00000007935","XII",10711616,10724818,"ENSG00000168679","1",110362851,110391082,"SLC16A4","ortholog_one2one",49.076
"ENSGACG00000030098","XII",10736319,10742716,"ENSG00000156150","1",110059870,110070672,"ALX3","ortholog_one2one",51.895
"ENSGACG00000007907","XII",10785400,10798218,"ENSG00000116396","1",110210314,110283100,"KCNC4","ortholog_one2one",69.8083
"ENSGACG00000007867","XII",10818803,10825275,"ENSG00000001167","6",41072974,41102403,"NFYA","ortholog_one2one",80.6916
"ENSGACG00000033601","XII",10824046,10827563,"ENSG00000182768","15",90265659,90275778,"NGRN","ortholog_one2one",31.2715
"ENSGACG00000007705","XII",10892060,10897231,"ENSG00000134183","1",109603091,109619929,"GNAT2","ortholog_one2one",78.5311
"ENSGACG00000007599","XII",10937221,10941344,"ENSG00000116459","1",111448864,111462773,"ATP5PB","ortholog_one2one",53.125
"ENSGACG00000027018","XII",10941586,10947408,"ENSG00000009790","1",209756032,209782320,"TRAF3IP3","ortholog_one2one",24.6824
"ENSGACG00000007530","XII",10962868,10969763,"ENSG00000171612","1",9539465,9585173,"SLC25A33","ortholog_one2one",73.5202
"ENSGACG00000007229","XII",11461715,11477745,"ENSG00000130939","1",10032832,10181239,"UBE4B","ortholog_one2one",77.3426
"ENSGACG00000007205","XII",11478498,11526189,"ENSG00000054523","1",10210570,10381603,"KIF1B","ortholog_one2one",84.3612
"ENSGACG00000007164","XII",11528895,11535444,"ENSG00000142657","1",10398592,10420511,"PGD","ortholog_one2one",85.5072
"ENSGACG00000007121","XII",11535574,11546205,"ENSG00000175262","1",10946471,10982076,"C1orf127","ortholog_one2one",17.0109
"ENSGACG00000007115","XII",11582102,11732376,"ENSG00000130940","1",10636604,10796650,"CASZ1","ortholog_one2one",65.776
"ENSGACG00000007105","XII",11743542,11785134,"ENSG00000142655","1",10472288,10630758,"PEX14","ortholog_one2one",59.1512
"ENSGACG00000007082","XII",11784891,11791385,"ENSG00000160049","1",10456522,10472529,"DFFA","ortholog_one2one",38.0665
"ENSGACG00000003708","XII",18164749,18172094,"ENSG00000101350","20",32277651,32335011,"KIF3B","ortholog_one2one",79.1165
"ENSGACG00000003706","XII",18172014,18176958,"ENSG00000101346","20",32207855,32238658,"POFUT1","ortholog_one2one",67.5258
"ENSGACG00000003663","XII",18225166,18240748,"ENSG00000101337","20",32109714,32167258,"TM9SF4","ortholog_one2one",83.0218
"ENSGACG00000003658","XII",18241580,18255069,"ENSG00000101336","20",32052197,32101856,"HCK","ortholog_one2one",69.3916
"ENSGACG00000003654","XII",18256957,18267128,"ENSG00000130701","20",62410237,62427539,"RBBP8NL","ortholog_one2one",21.3855
"ENSGACG00000003649","XII",18296311,18302803,"ENSG00000130700","20",62463497,62475995,"GATA5","ortholog_one2one",49.8741
"ENSGACG00000003620","XII",18498140,18505033,"ENSG00000101216","20",63587602,63627101,"GMEB2","ortholog_one2one",51.6981
"ENSGACG00000003616","XII",18505361,18507222,"ENSG00000101327","20",1978757,1994285,"PDYN","ortholog_one2one",33.0709
"ENSGACG00000003602","XII",18575186,18588282,"ENSG00000137409","6",36965807,36986298,"MTCH1","ortholog_one2one",46.7866
"ENSGACG00000003596","XII",18590297,18600271,"ENSG00000112079","6",36493892,36547479,"STK38","ortholog_one2one",92.043
"ENSGACG00000003580","XII",18600358,18622937,"ENSG00000162777","1",111185969,111204535,"DENND2D","ortholog_one2one",54.7771
"ENSGACG00000012943","XII",18697166,18707028,"ENSG00000142634","1",15409888,15430339,"EFHD2","ortholog_one2one",68.75
"ENSGACG00000036450","XII",18756641,18771171,"ENSG00000158796","1",161120974,161132688,"DEDD","ortholog_one2one",71.3836
"ENSGACG00000012833","XII",18928074,18942372,"ENSG00000116688","1",11980181,12015211,"MFN2","ortholog_one2one",82.827
"ENSGACG00000012822","XII",18960133,18972289,"ENSG00000171456","20",32358330,32439319,"ASXL1","ortholog_one2one",31.7326
"ENSGACG00000012784","XII",19007014,19014149,"ENSG00000101945","X",48695554,48709016,"SUV39H1","ortholog_one2one",68.2039
"ENSGACG00000027702","XII",19015189,19032090,"ENSG00000184194","X",53048789,53080615,"GPR173","ortholog_one2one",80.429
"ENSGACG00000013018","XII",20164103,20234669,"ENSG00000067606","1",2050411,2185395,"PRKCZ","ortholog_one2one",79.7297
"ENSGACG00000012751","XII",19058398,19062070,"ENSG00000182400","14",39147811,39170532,"TRAPPC6B","ortholog_one2one",80.3797
"ENSGACG00000013007","XII",20254181,20301600,"ENSG00000157933","1",2227388,2310213,"SKI","ortholog_one2one",65.6593
"ENSGACG00000028318","XII",20579511,20584641,"ENSG00000157911","1",2403964,2413797,"PEX10","ortholog_one2one",53.3742
"ENSGACG00000001234","XII",20589692,20598346,"ENSG00000102032","X",153935269,153944687,"RENBP","ortholog_one2one",60.1874
"ENSGACG00000012700","XII",19114730,19119655,"ENSG00000162494","1",13474973,13514003,"LRRC38","ortholog_one2one",51.3605
"ENSGACG00000012683","XII",19123885,19168088,"ENSG00000048707","1",12230030,12512047,"VPS13D","ortholog_one2one",66.2944
"ENSGACG00000025904","XII",19266497,19269575,"ENSG00000175206","1",11845709,11848345,"NPPA","ortholog_one2one",26.4901
"ENSGACG00000012645","XII",19289832,19301973,"ENSG00000011021","1",11806096,11848079,"CLCN6","ortholog_one2one",81.3579
"ENSGACG00000012633","XII",19301036,19310042,"ENSG00000177000","1",11785723,11806455,"MTHFR","ortholog_one2one",76.3719
"ENSGACG00000013344","XII",19477580,19492334,"ENSG00000101997","X",49235470,49250520,"CCDC22","ortholog_one2one",51.5152
"ENSGACG00000027291","XII",19492707,19500481,"ENSG00000068354","X",48539714,48562609,"TBC1D25","ortholog_one2one",62.2093
"ENSGACG00000027915","XII",19502545,19504664,"ENSG00000147123","X",47142071,47145466,"NDUFB11","ortholog_one2one",37.9085
"ENSGACG00000013324","XII",19504887,19521008,"ENSG00000258366","20",63657810,63696253,"RTEL1","ortholog_one2one",48.6154
"ENSGACG00000013312","XII",19521500,19531081,"ENSG00000116237","1",6221193,6235972,"ICMT","ortholog_one2one",61.2676
"ENSGACG00000013289","XII",19531055,19541243,"ENSG00000179051","1",17406760,17439677,"RCC2","ortholog_one2one",73.5632
"ENSGACG00000013277","XII",19562733,19571930,"ENSG00000116685","1",11919591,11926428,"KIAA2013","ortholog_one2one",55.9937
"ENSGACG00000013243","XII",19572756,19584554,"ENSG00000083444","1",11934205,11975538,"PLOD1","ortholog_one2one",65.4746
"ENSGACG00000030997","XII",19584881,19591376,"ENSG00000088325","20",31739271,31801805,"TPX2","ortholog_one2one",38.4203
"ENSGACG00000013239","XII",19594382,19601496,"ENSG00000203880","20",64255695,64304820,"PCMTD2","ortholog_one2one",70.3601
"ENSGACG00000013207","XII",19690329,19698596,"ENSG00000065491","6",37257772,37332970,"TBC1D22B","ortholog_one2one",71.6832
"ENSGACG00000036631","XII",19703114,19705029,"ENSG00000143977","2",70281362,70293740,"SNRPG","ortholog_one2one",80.2632
"ENSGACG00000013176","XII",19707972,19711360,"ENSG00000158604","7",44576392,44582287,"TMED4","ortholog_one2one",77.533
"ENSGACG00000013173","XII",19710347,19717731,"ENSG00000269335","X",154541199,154565046,"IKBKG","ortholog_one2one",45.3461
"ENSGACG00000013165","XII",19718513,19723310,"ENSG00000179918","16",30443631,30445874,"SEPHS2","ortholog_one2one",57.3661
"ENSGACG00000013155","XII",19724443,19732482,"ENSG00000134262","1",113894194,113905712,"AP4B1","ortholog_one2one",52.5034
"ENSGACG00000013143","XII",19745673,19750060,"ENSG00000262919","X",153587925,153600045,"CCNQ","ortholog_one2one",59.6774
"ENSGACG00000033567","XII",19806915,19810651,"ENSG00000137504","11",85657742,85682908,"CREBZF","ortholog_one2one",30.791
"ENSGACG00000028729","XII",19810899,19837871,"ENSG00000001497","X",65438549,65534810,"LAS1L","ortholog_one2one",30.654
"ENSGACG00000006807","XII",12249834,12257864,"ENSG00000158578","X",55009055,55030977,"ALAS2","ortholog_one2one",62.862
"ENSGACG00000037850","XII",12256318,12264088,"ENSG00000215912","1",2636986,2801693,"TTC34","ortholog_one2one",38.3689
"ENSGACG00000026241","XII",12266423,12274378,"ENSG00000067182","12",6328757,6342114,"TNFRSF1A","ortholog_one2one",16.9231
"ENSGACG00000006774","XII",12296276,12308380,"ENSG00000066185","1",42430329,42456253,"ZMYND12","ortholog_one2one",36.7123
"ENSGACG00000006584","XII",12771804,12775696,"ENSG00000158109","1",3625015,3630127,"TPRG1L","ortholog_one2one",68.75
"ENSGACG00000006567","XII",12775120,12787842,"ENSG00000116213","1",3630767,3652761,"WRAP73","ortholog_one2one",66.3043
"ENSGACG00000006547","XII",12785352,12809244,"ENSG00000078900","1",3652516,3736201,"TP73","ortholog_one2one",72.0126
"ENSGACG00000006541","XII",12810405,12818357,"ENSG00000157916","1",2391775,2405442,"RER1","ortholog_one2one",81.6327
"ENSGACG00000028312","XII",12900147,12902630,"ENSG00000173673","1",6244179,6245578,"HES3","ortholog_one2one",34.4086
"ENSGACG00000006503","XII",12909478,12921984,"ENSG00000158292","1",6247353,6261098,"GPR153","ortholog_one2one",56.3218
"ENSGACG00000006473","XII",12934983,12971710,"ENSG00000097021","1",6264269,6393767,"ACOT7","ortholog_one2one",60.8108
"ENSGACG00000006464","XII",12997012,13027185,"ENSG00000187017","1",6424776,6461367,"ESPN","ortholog_one2one",61.1241
"ENSGACG00000006452","XII",13029726,13038646,"ENSG00000130762","1",3454665,3481113,"ARHGEF16","ortholog_one2one",46.5444
"ENSGACG00000006447","XII",13038678,13042753,"ENSG00000065978","1",42682418,42703805,"YBX1","ortholog_one2one",60.1852
"ENSGACG00000026390","XII",13047283,13058493,"ENSG00000171960","1",42658335,42676758,"PPIH","ortholog_one2one",77.9661
"ENSGACG00000006435","XII",13058939,13061538,"ENSG00000166337","11",6606294,6612539,"TAF10","ortholog_one2one",50.9174
"ENSGACG00000006365","XII",13096019,13145488,"ENSG00000127481","1",19074510,19210266,"UBR4","ortholog_one2one",84.179
"ENSGACG00000006411","XII",13085941,13096951,"ENSG00000127463","1",19215660,19251552,"EMC1","ortholog_one2one",67.0695
"ENSGACG00000006318","XII",13166975,13171871,"ENSG00000101413","20",38033725,38127780,"RPRD1B","ortholog_one2one",80.9816
"ENSGACG00000025455","XII",13227986,13238815,"ENSG00000166987","12",57520710,57530148,"MBD6","ortholog_one2one",24.8255
"ENSGACG00000006271","XII",13240422,13245557,"ENSG00000185482","12",57243453,57251188,"STAC3","ortholog_one2one",59.8901
"ENSGACG00000006257","XII",13272098,13276911,"ENSG00000101442","20",38748460,38772520,"ACTR5","ortholog_one2one",59.1433
"ENSGACG00000006241","XII",13287813,13292508,"ENSG00000184459","22",32413845,32464484,"BPIFC","ortholog_one2one",19.7239
"ENSGACG00000006117","XII",13364596,13369918,"ENSG00000125977","20",34088309,34112243,"EIF2S2","ortholog_one2one",81.3814
"ENSGACG00000006084","XII",13371121,13374118,"ENSG00000124193","20",43457893,43466046,"SRSF6","ortholog_one2one",48.5465
"ENSGACG00000006074","XII",13375936,13387222,"ENSG00000185513","20",43489442,43550954,"L3MBTL1","ortholog_one2one",48.7239
"ENSGACG00000006063","XII",13389273,13397282,"ENSG00000101049","20",43558968,43588237,"SGK2","ortholog_one2one",70.2997
"ENSGACG00000006042","XII",13408358,13411129,"ENSG00000130305","7",73302516,73308826,"NSUN5","ortholog_one2one",54.5064
"ENSGACG00000005995","XII",13430818,13438509,"ENSG00000272886","3",53283429,53347586,"DCP1A","ortholog_one2one",35.3952
"ENSGACG00000005956","XII",13494349,13500641,"ENSG00000016391","3",53812335,53846419,"CHDH","ortholog_one2one",70.8754
"ENSGACG00000005905","XII",13506206,13511149,"ENSG00000113812","3",53867066,53882152,"ACTR8","ortholog_one2one",71.1538
"ENSGACG00000005730","XII",14001425,14011329,"ENSG00000178035","3",49024325,49029447,"IMPDH2","ortholog_one2one",88.716
"ENSGACG00000005727","XII",14012920,14021183,"ENSG00000177479","3",48918821,48986382,"ARIH2","ortholog_one2one",81.7444
"ENSGACG00000005719","XII",14024307,14031986,"ENSG00000154767","3",14145145,14178621,"XPC","ortholog_one2one",46.5957
"ENSGACG00000005710","XII",14078811,14084664,"ENSG00000196544","17",8188345,8190180,"BORCS6","ortholog_one2one",39.2157
"ENSGACG00000005656","XII",14176638,14182060,"ENSG00000126062","3",50354750,50359521,"TMEM115","ortholog_one2one",68.3761
"ENSGACG00000005579","XII",14473362,14477044,"ENSG00000132906","1",15490832,15526534,"CASP9","ortholog_one2one",47.1154
"ENSGACG00000005550","XII",14493344,14497755,"ENSG00000130764","1",3778559,3796498,"LRRC47","ortholog_one2one",48.7136
"ENSGACG00000005533","XII",14496093,14523901,"ENSG00000116198","1",3812086,3857396,"CEP104","ortholog_one2one",51.027
"ENSGACG00000029089","XII",14526421,14531240,"ENSG00000198912","1",3889125,3900293,"C1orf174","ortholog_one2one",16.4609
"ENSGACG00000005516","XII",14530482,14535049,"ENSG00000169598","1",3857267,3885429,"DFFB","ortholog_one2one",49.1124
"ENSGACG00000030799","XII",14802932,14821393,"ENSG00000196581","1",4654609,4792534,"AJAP1","ortholog_one2one",34.7932
"ENSGACG00000005485","XII",14919776,14935732,"ENSG00000187730","1",2019329,2030758,"GABRD","ortholog_one2one",74.5575
"ENSGACG00000005474","XII",14936414,14974564,"ENSG00000142609","1",1921951,2003837,"CFAP74","ortholog_one2one",36.3636
"ENSGACG00000005446","XII",15008733,15019592,"ENSG00000008130","1",1751232,1780457,"NADK","ortholog_one2one",73.0942
"ENSGACG00000032348","XII",15022292,15027085,"ENSG00000189339","1",1659529,1692795,"SLC35E2B","ortholog_one2one",65.1852
"ENSGACG00000005412","XII",15027698,15033262,"ENSG00000162241","11",65375192,65383701,"SLC25A45","ortholog_one2one",48.2639
"ENSGACG00000027678","XII",15113421,15122784,"ENSG00000185519","1",16057769,16073651,"FAM131C","ortholog_one2one",32.8571
"ENSGACG00000037340","XII",15134964,15137458,"ENSG00000173641","1",16014028,16019594,"HSPB7","ortholog_one2one",63.5294
"ENSGACG00000005273","XII",15138055,15145887,"ENSG00000116809","1",15941869,15976132,"ZBTB17","ortholog_one2one",66.0025
"ENSGACG00000005260","XII",15145723,15150338,"ENSG00000244038","1",20651767,20661544,"DDOST","ortholog_one2one",81.549
"ENSGACG00000005254","XII",15150376,15162303,"ENSG00000116786","1",15684320,15734769,"PLEKHM2","ortholog_one2one",57.6055
"ENSGACG00000005221","XII",15181061,15197122,"ENSG00000142632","1",16197854,16212652,"ARHGEF19","ortholog_one2one",55.985
"ENSGACG00000036988","XII",15185913,15205155,"ENSG00000187583","1",966482,975865,"PLEKHN1","ortholog_one2one",11.4566
"ENSGACG00000034822","XII",15205579,15215119,"ENSG00000162571","1",1173880,1197936,"TTLL10","ortholog_one2one",36.2556
"ENSGACG00000005209","XII",15262596,15296781,"ENSG00000197530","1",1615454,1630605,"MIB2","ortholog_one2one",60.1047
"ENSGACG00000025432","XII",15298132,15303041,"ENSG00000120942","1",11273198,11296049,"UBIAD1","ortholog_one2one",69.8225
"ENSGACG00000005198","XII",15302672,15310232,"ENSG00000189409","1",1632163,1635263,"MMP23B","ortholog_one2one",57.9487
"ENSGACG00000005124","XII",15328617,15341683,"ENSG00000159363","1",16985958,17011928,"ATP13A2","ortholog_one2one",48.9831
"ENSGACG00000005021","XII",15370958,15376365,"ENSG00000169914","1",19882395,19912945,"OTUD3","ortholog_one2one",47.7387
"ENSGACG00000004981","XII",15376282,15381641,"ENSG00000116752","1",114567557,114581629,"BCAS2","ortholog_one2one",76.4444
"ENSGACG00000004973","XII",15380860,15406197,"ENSG00000197323","1",114392790,114511203,"TRIM33","ortholog_one2one",55.5457
"ENSGACG00000004944","XII",15406224,15411775,"ENSG00000040487","1",19312326,19329300,"SLC66A1","ortholog_one2one",57.732
"ENSGACG00000004911","XII",15434024,15455310,"ENSG00000156711","6",36127809,36144524,"MAPK13","ortholog_one2one",65.4795
"ENSGACG00000004869","XII",15530729,15597019,"ENSG00000198793","1",11106535,11262556,"MTOR","ortholog_one2one",88.2699
"ENSGACG00000004839","XII",15617824,15802403,"ENSG00000188157","1",1020120,1056119,"AGRN","ortholog_one2one",53.643
"ENSGACG00000036651","XII",15840086,15845254,"ENSG00000237330","1",1070967,1074306,"RNF223","ortholog_one2one",38.1526
"ENSGACG00000004734","XII",16499581,16516310,"ENSG00000131061","20",33731657,33792269,"ZNF341","ortholog_one2one",55.2693
"ENSGACG00000004732","XII",16506606,16511942,"ENSG00000101412","20",33675477,33686385,"E2F1","ortholog_one2one",45.7666
"ENSGACG00000004667","XII",16643549,16660654,"ENSG00000101407","20",37983007,38033461,"TTI1","ortholog_one2one",52.5253
"ENSGACG00000004662","XII",16659428,16664771,"ENSG00000197114","20",63707465,63736142,"ZGPAT","ortholog_one2one",50.2935
"ENSGACG00000004655","XII",16667533,16675939,"ENSG00000101204","20",63343223,63378401,"CHRNA4","ortholog_one2one",61.563
"ENSGACG00000004620","XII",16727582,16787524,"ENSG00000124126","20",48624252,48827999,"PREX1","ortholog_one2one",68.475
"ENSGACG00000004605","XII",16788373,16805739,"ENSG00000170471","20",38472816,38578859,"RALGAPB","ortholog_one2one",74.1633
"ENSGACG00000004585","XII",16824957,16833981,"ENSG00000162542","1",19682240,19799945,"TMCO4","ortholog_one2one",52.0505
"ENSGACG00000031727","XII",16833812,16839354,"ENSG00000158748","1",19664875,19680966,"HTR6","ortholog_one2one",51.8182
"ENSGACG00000004553","XII",16843807,16850584,"ENSG00000052723","1",114769479,114780685,"SIKE1","ortholog_one2one",60.8696
"ENSGACG00000004544","XII",16850818,16861981,"ENSG00000009307","1",114716913,114758676,"CSDE1","ortholog_one2one",77.6942
"ENSGACG00000004467","XII",16867382,16879067,"ENSG00000116748","1",114673090,114695618,"AMPD1","ortholog_one2one",69.4779
"ENSGACG00000035736","XII",7770978,7773135,"ENSG00000174529","1",205083129,205084460,"TMEM81","ortholog_one2one",25.8824
"ENSGACG00000010473","XII",7775504,7778865,"ENSG00000117280","1",205767986,205775482,"RAB29","ortholog_one2one",51.7241
"ENSGACG00000036745","XII",7800505,7804292,"ENSG00000171858","20",62387103,62388520,"RPS21","ortholog_one2one",91.5663
"ENSGACG00000004454","XII",16882220,16895977,"ENSG00000175984","1",114582848,114670422,"DENND2C","ortholog_one2one",44.6121
"ENSGACG00000003024","XII",3503269,3510093,"ENSG00000174243","12",48829756,48852842,"DDX23","ortholog_one2one",83.4146
"ENSGACG00000004451","XII",16907459,16916813,"ENSG00000101187","20",62642503,62685785,"SLCO4A1","ortholog_one2one",58.4488
"ENSGACG00000004431","XII",16952909,16974108,"ENSG00000101188","20",62708836,62762771,"NTSR1","ortholog_one2one",58.134
"ENSGACG00000004309","XII",17041019,17047417,"ENSG00000088833","20",1442162,1473842,"NSFL1C","ortholog_one2one",70
"ENSGACG00000004286","XII",17110038,17120078,"ENSG00000131055","20",31637912,31645006,"COX4I2","ortholog_one2one",52.0468
"ENSGACG00000004260","XII",17142927,17163449,"ENSG00000124198","20",48921711,49036693,"ARFGEF2","ortholog_one2one",76.6947
"ENSGACG00000004245","XII",17196690,17199813,"ENSG00000000419","20",50934867,50959140,"DPM1","ortholog_one2one",78.8462
"ENSGACG00000037416","XII",17227167,17236256,"ENSG00000197780","1",109062496,109076012,"TAF13","ortholog_one2one",85.4839
"ENSGACG00000023720","XII",17227979,17234653,"ENSG00000080189","20",46345980,46364458,"SLC35C2","ortholog_one2one",62.7397
"ENSGACG00000003075","XII",3574875,3603311,"ENSG00000110881","12",50057548,50083611,"ASIC1","ortholog_one2one",71.5909
"ENSGACG00000027323","XII",3603622,3608827,"ENSG00000176422","12",56468578,56479708,"SPRYD4","ortholog_one2one",50.7246
"ENSGACG00000015104","XII",2946258,3031454,"ENSG00000101181","20",62183028,62203568,"MTG2","ortholog_one2one",55.665
"ENSGACG00000015114","XII",2965586,2974308,"ENSG00000124215","20",59958423,60034011,"CDH26","ortholog_one2one",32.3317
"ENSGACG00000015141","XII",3055472,3059003,"ENSG00000164086","3",52048919,52056571,"DUSP7","ortholog_one2one",71.8377
"ENSGACG00000029747","XII",3166339,3170117,"ENSG00000101190","20",62841005,62861822,"TCFL5","ortholog_one2one",24.6
"ENSGACG00000025047","XII",3172946,3197150,"ENSG00000101191","20",62877738,62937952,"DIDO1","ortholog_one2one",28.5714
"ENSGACG00000015232","XII",3348635,3363781,"ENSG00000076108","12",56595596,56636816,"BAZ2A","ortholog_one2one",41.8812
"ENSGACG00000015245","XII",3369400,3378638,"ENSG00000196531","12",56712305,56731628,"NACA","ortholog_one2one",18.9124
"ENSGACG00000015249","XII",3379166,3447584,"ENSG00000198056","12",56730438,56752374,"PRIM1","ortholog_one2one",68.0952
"ENSGACG00000004155","XII",17354118,17376648,"ENSG00000172046","3",49108046,49120938,"USP19","ortholog_one2one",57.0087
"ENSGACG00000010405","XII",7815243,7881871,"ENSG00000130702","20",62307955,62367312,"LAMA5","ortholog_one2one",50.1218
"ENSGACG00000010303","XII",7942976,7950795,"ENSG00000101213","20",63528001,63537376,"PTK6","ortholog_one2one",43.9024
"ENSGACG00000010298","XII",7953645,7960346,"ENSG00000125508","20",63538489,63547749,"SRMS","ortholog_one2one",29.918
"ENSGACG00000004133","XII",17654807,17657888,"ENSG00000137193","6",37170152,37175428,"PIM1","ortholog_one2one",72.8435
"ENSGACG00000010294","XII",7974322,8065635,"ENSG00000197183","20",32443059,32585333,"NOL4L","ortholog_one2one",61.6176
"ENSGACG00000010283","XII",8079852,8086125,"ENSG00000149600","20",32702699,32743467,"COMMD7","ortholog_one2one",60
"ENSGACG00000004127","XII",17674456,17681732,"ENSG00000100983","20",34928432,34956027,"GSS","ortholog_one2one",58.8608
"ENSGACG00000010273","XII",8085816,8107242,"ENSG00000088305","20",32762385,32809359,"DNMT3B","ortholog_one2one",54.279
"ENSGACG00000004087","XII",17713100,17721018,"ENSG00000145945","6",3849373,3851320,"FAM50B","ortholog_one2one",72.6154
"ENSGACG00000004023","XII",17743426,17750240,"ENSG00000134291","12",47963569,47968878,"TMEM106C","ortholog_one2one",53.6
"ENSGACG00000010256","XII",8125783,8132396,"ENSG00000101367","20",32819954,32850405,"MAPRE1","ortholog_one2one",72.3881
"ENSGACG00000008474","XII",10283634,10285667,"ENSG00000261308","12",51817899,51848718,"FIGNL2","ortholog_one2one",44.4104
"ENSGACG00000010216","XII",8137353,8151469,"ENSG00000131069","20",34872146,34927962,"ACSS2","ortholog_one2one",71.8973
"ENSGACG00000022595","XII",12233713,12233969,"ENSG00000223088","9",24905469,24905735,"RMRPP5","ortholog_one2one",50.1873
"ENSGACG00000005812","XII",13747439,13754896,"ENSG00000214706","3",50287732,50292918,"IFRD2","ortholog_one2one",54.2986
"ENSGACG00000005808","XII",13755905,13764725,"ENSG00000145020","3",49416778,49422685,"AMT","ortholog_one2one",64.0199
"ENSGACG00000013198","XII",19704683,19707318,"ENSG00000147471","8",37762595,37779768,"PLPBP","ortholog_one2one",51.2727
"ENSGACG00000005361","XII",15032823,15036088,"ENSG00000116670","1",11657230,11691811,"MAD2L2","ortholog_one2one",88.1517
"ENSGACG00000004681","XII",16575939,16616698,"ENSG00000132792","20",37694030,37872129,"CTNNBL1","ortholog_one2one",77.087
"ENSGACG00000004044","XII",17731638,17738895,"ENSG00000031698","1",109213918,109238182,"SARS1","ortholog_one2one",79.7665
"ENSGACG00000010153","XII",8312244,8321911,"ENSG00000114251","3",55465715,55490539,"WNT5A","ortholog_one2one",79.2105
"ENSGACG00000010150","XII",8353239,8360994,"ENSG00000144771","3",54918231,54967088,"LRTM1","ortholog_one2one",42.8986
"ENSGACG00000010102","XII",8466723,8471240,"ENSG00000158850","1",161171310,161177968,"B4GALT3","ortholog_one2one",62.8499
"ENSGACG00000010078","XII",8472845,8486566,"ENSG00000182492","X",153494980,153509546,"BGN","ortholog_one2one",70.6522
"ENSGACG00000009964","XII",8497487,8503884,"ENSG00000151005","4",163471095,163473754,"TKTL2","ortholog_one2one",66.4537
"ENSGACG00000009961","XII",8504052,8507711,"ENSG00000010626","12",6873569,6914241,"LRRC23","ortholog_one2one",44.898
"ENSGACG00000009953","XII",8507839,8518030,"ENSG00000182872","X",47145221,47186813,"RBM10","ortholog_one2one",47.6344
"ENSGACG00000009922","XII",8522389,8526541,"ENSG00000143258","1",161159450,161165723,"USP21","ortholog_one2one",35.2212
"ENSGACG00000009831","XII",8706391,8710913,"ENSG00000010030","6",36354091,36387800,"ETV7","ortholog_one2one",45.7478
"ENSGACG00000034686","XII",8711357,8714819,"ENSG00000077152","1",202331544,202341984,"UBE2T","ortholog_one2one",64.9746
"ENSGACG00000009806","XII",8714159,8746638,"ENSG00000133067","1",202193799,202319781,"LGR6","ortholog_one2one",56.9804
"ENSGACG00000003249","XII",3746125,3796509,"ENSG00000146197","6",35213956,35253079,"SCUBE3","ortholog_one2one",72.709
"ENSGACG00000009743","XII",8809715,8826403,"ENSG00000174307","1",201464278,201469237,"PHLDA3","ortholog_one2one",51.9685
"ENSGACG00000009654","XII",8931407,8934777,"ENSG00000136710","2",130337933,130342699,"CCDC115","ortholog_one2one",42.7778
"ENSGACG00000009646","XII",8934828,8936667,"ENSG00000147155","X",48521799,48528716,"EBP","ortholog_one2one",60.8696
"ENSGACG00000009636","XII",8955277,8964601,"ENSG00000134245","1",112466541,112530165,"WNT2B","ortholog_one2one",71.0997
"ENSGACG00000003278","XII",3852723,3865917,"ENSG00000065060","6",34792083,34877514,"BLTP3A","ortholog_one2one",44.5139
"ENSGACG00000028469","XII",3908727,3911480,"ENSG00000186577","6",34246381,34249108,"SMIM29","ortholog_one2one",52.9412
"ENSGACG00000003364","XII",4197833,4199482,"ENSG00000124596","6",41033627,41097787,"OARD1","ortholog_one2one",64.4737
"ENSGACG00000003369","XII",4199645,4201447,"ENSG00000112599","6",42183284,42194956,"GUCA1B","ortholog_one2one",74.5
"ENSGACG00000009456","XII",9183918,9189465,"ENSG00000139651","12",53180704,53195142,"ZNF740","ortholog_one2one",49.7409
"ENSGACG00000009444","XII",9199259,9212808,"ENSG00000111481","12",54301202,54351846,"COPZ1","ortholog_one2one",90.3955
"ENSGACG00000025110","XII",9208267,9215581,"ENSG00000123405","12",54292111,54301015,"NFE2","ortholog_one2one",38.3378
"ENSGACG00000009433","XII",9217130,9219340,"ENSG00000094916","12",54230942,54280133,"CBX5","ortholog_one2one",49.2147
"ENSGACG00000009431","XII",9252894,9258155,"ENSG00000128645","2",176188668,176190907,"HOXD1","ortholog_one2one",27.1341
"ENSGACG00000027840","XII",9271533,9300651,"ENSG00000198353","12",54016931,54056030,"HOXC4","ortholog_one2one",64.3939
"ENSGACG00000009416","XII",9288505,9291502,"ENSG00000172789","12",54033050,54035361,"HOXC5","ortholog_one2one",45.9459
"ENSGACG00000024046","XII",9292027,9294396,"ENSG00000197757","12",53990624,54030823,"HOXC6","ortholog_one2one",74.8936
"ENSGACG00000009401","XII",9302813,9306063,"ENSG00000037965","12",54008985,54012769,"HOXC8","ortholog_one2one",84.7107
"ENSGACG00000009396","XII",9308890,9312152,"ENSG00000180806","12",53994895,54003337,"HOXC9","ortholog_one2one",73.8462
"ENSGACG00000009392","XII",9327345,9330785,"ENSG00000123388","12",53973126,53977643,"HOXC11","ortholog_one2one",66.4474
"ENSGACG00000036421","XII",9339347,9344863,"ENSG00000123407","12",53954903,53958956,"HOXC12","ortholog_one2one",59.2199
"ENSGACG00000009389","XII",9348619,9352561,"ENSG00000123364","12",53938831,53946544,"HOXC13","ortholog_one2one",70.9091
"ENSGACG00000035100","XII",9449136,9452592,"ENSG00000182544","12",53251251,53254406,"MFSD5","ortholog_one2one",62.6667
"ENSGACG00000009263","XII",9554016,9582001,"ENSG00000161791","12",49636499,49708165,"FMNL3","ortholog_one2one",73.1256
"ENSGACG00000009119","XII",9625468,9628784,"ENSG00000169884","12",48965340,48971735,"WNT10B","ortholog_one2one",62.7249
"ENSGACG00000009116","XII",9631381,9635262,"ENSG00000125084","12",48978322,48982620,"WNT1","ortholog_one2one",76.4865
"ENSGACG00000009104","XII",9650360,9653732,"ENSG00000178401","12",49346888,49357546,"DNAJC22","ortholog_one2one",49.8534
"ENSGACG00000009071","XII",9654357,9665879,"ENSG00000139636","12",49097136,49110900,"LMBR1L","ortholog_one2one",69.7342
"ENSGACG00000029557","XII",9670515,9675749,"ENSG00000163501","2",219054424,219060921,"IHH","ortholog_one2one",51.5815
"ENSGACG00000009038","XII",9678400,9706309,"ENSG00000167548","12",49018975,49060794,"KMT2D","ortholog_one2one",41.2859
"ENSGACG00000008996","XII",9745246,9778914,"ENSG00000240771","12",57610180,57617245,"ARHGEF25","ortholog_one2one",53.6207
"ENSGACG00000003438","XII",4270493,4273996,"ENSG00000163380","3",69106065,69123032,"LMOD3","ortholog_one2one",50.7143
"ENSGACG00000012521","XII",4425678,4430240,"ENSG00000162877","1",205828025,205850132,"PM20D1","ortholog_one2one",50.3984
"ENSGACG00000003128","XII",3641745,3647206,"ENSG00000094914","12",53307456,53324864,"AAAS","ortholog_one2one",54.0293
"ENSGACG00000031518","XII",9884674,9887723,"ENSG00000091106","2",32224453,32265732,"NLRC4","ortholog_one2one",3.51562
"ENSGACG00000008927","XII",9932720,9938706,"ENSG00000116857","1",201134772,201171574,"TMEM9","ortholog_one2one",73.224
"ENSGACG00000008848","XII",9958162,9972520,"ENSG00000072501","X",53374149,53422728,"SMC1A","ortholog_one2one",88.4023
"ENSGACG00000008846","XII",9968735,9973021,"ENSG00000158423","X",53422690,53431120,"RIBC1","ortholog_one2one",30.6069
"ENSGACG00000008823","XII",9973545,9987885,"ENSG00000198910","X",153861514,153886173,"L1CAM","ortholog_one2one",40.0159
"ENSGACG00000008789","XII",10013620,10048967,"ENSG00000086758","X",53532096,53686752,"HUWE1","ortholog_one2one",79.8811
"ENSGACG00000000234","XII",17644,33969,"ENSG00000196562","20",47656197,47786616,"SULF2","ortholog_one2one",56.6667
"ENSGACG00000024054","XII",73792,108722,"ENSG00000096433","6",33620365,33696574,"ITPR3","ortholog_one2one",21.9393
"ENSGACG00000000262","XII",110074,129356,"ENSG00000068400","X",48973720,49002265,"GRIPAP1","ortholog_one2one",59.9287
"ENSGACG00000000273","XII",189729,197691,"ENSG00000143862","1",202133404,202144743,"ARL8A","ortholog_one2one",89.7849
"ENSGACG00000000281","XII",279067,286022,"ENSG00000185825","X",153700492,153724565,"BCAP31","ortholog_one2one",62.1951
"ENSGACG00000000286","XII",311138,316406,"ENSG00000102100","X",48903180,48911958,"SLC35A2","ortholog_one2one",63.6364
"ENSGACG00000000288","XII",322121,328324,"ENSG00000068308","X",48922024,48958386,"OTUD5","ortholog_one2one",66.0777
"ENSGACG00000000290","XII",330794,342743,"ENSG00000102225","X",47217860,47229997,"CDK16","ortholog_one2one",72.5806
"ENSGACG00000029886","XII",345117,350231,"ENSG00000108384","17",58692573,58735611,"RAD51C","ortholog_one2one",53.4574
"ENSGACG00000000296","XII",348488,352068,"ENSG00000146109","6",26596953,26600739,"ABT1","ortholog_one2one",45.9559
"ENSGACG00000025418","XII",371452,375552,"ENSG00000101189","20",62796473,62801729,"MRGBP","ortholog_one2one",41.1765
"ENSGACG00000000521","XII",376452,385211,"ENSG00000101294","20",31514428,31577923,"HM13","ortholog_one2one",65.2582
"ENSGACG00000000515","XII",402131,418019,"ENSG00000124104","20",45833799,45843276,"SNX21","ortholog_one2one",43.1635
"ENSGACG00000000505","XII",448071,454225,"ENSG00000088298","20",35115364,35147336,"EDEM2","ortholog_one2one",67.6471
"ENSGACG00000000479","XII",483142,488588,"ENSG00000049541","7",74231499,74254458,"RFC2","ortholog_one2one",75.7062
"ENSGACG00000000466","XII",487993,498750,"ENSG00000102226","X",47232866,47248328,"USP11","ortholog_one2one",57.1739
"ENSGACG00000000204","XII",594140,598830,"ENSG00000102125","X",154411524,154421726,"TAFAZZIN","ortholog_one2one",65.0685
"ENSGACG00000025259","XII",707816,714782,"ENSG00000064703","1",111754832,111775602,"DDX20","ortholog_one2one",46.966
"ENSGACG00000035697","XII",757066,768907,"ENSG00000198646","20",34689097,34825651,"NCOA6","ortholog_one2one",39.3602
"ENSGACG00000001608","XII",769489,779831,"ENSG00000131067","20",34844720,34872856,"GGT7","ortholog_one2one",61.6314
"ENSGACG00000002558","XII",950628,966143,"ENSG00000197818","20",49812713,49892242,"SLC9A8","ortholog_one2one",83.821
"ENSGACG00000037656","XII",966361,987183,"ENSG00000118276","18",31622246,31685836,"B4GALT6","ortholog_one2one",61.7801
"ENSGACG00000002569","XII",1036647,1039646,"ENSG00000131043","20",36236131,36270918,"AAR2","ortholog_one2one",61.1979
"ENSGACG00000002576","XII",1042235,1054017,"ENSG00000101161","20",63981132,64033100,"PRPF6","ortholog_one2one",88.9479
"ENSGACG00000002611","XII",1103645,1107074,"ENSG00000101197","20",63235883,63240495,"BIRC7","ortholog_one2one",30.8725
"ENSGACG00000002622","XII",1158609,1159444,"ENSG00000125533","20",63005927,63007035,"BHLHE23","ortholog_one2one",37.7593
"ENSGACG00000002639","XII",1201720,1223240,"ENSG00000174844","3",57293699,57544344,"DNAH12","ortholog_one2one",70.2778
"ENSGACG00000002664","XII",1347680,1374182,"ENSG00000090097","3",51957454,51974016,"PCBP4","ortholog_one2one",60.5459
"ENSGACG00000034664","XII",7086876,7093190,"ENSG00000110925","12",51061205,51083664,"CSRNP2","ortholog_one2one",48.9871
"ENSGACG00000010929","XII",7094083,7103096,"ENSG00000135457","12",51093656,51173135,"TFCP2","ortholog_one2one",87.6494
"ENSGACG00000010925","XII",7104054,7113512,"ENSG00000184271","12",51186936,51218062,"POU6F1","ortholog_one2one",56.6285
"ENSGACG00000029694","XII",7112801,7115863,"ENSG00000183283","12",51238724,51271362,"DAZAP2","ortholog_one2one",58.9286
"ENSGACG00000010851","XII",7159874,7168245,"ENSG00000062485","12",56271699,56300391,"CS","ortholog_one2one",85.1931
"ENSGACG00000010849","XII",7167116,7173960,"ENSG00000135469","12",56266890,56270966,"COQ10A","ortholog_one2one",63.1579
"ENSGACG00000010838","XII",7195270,7199950,"ENSG00000181852","12",56202179,56221933,"RNF41","ortholog_one2one",88.959
"ENSGACG00000010800","XII",7217265,7226943,"ENSG00000161835","12",52006946,52015889,"TAMALIN","ortholog_one2one",43.7975
"ENSGACG00000010783","XII",7246601,7249981,"ENSG00000170627","12",54455950,54473602,"GTSF1","ortholog_one2one",45.509
"ENSGACG00000010770","XII",7248619,7256167,"ENSG00000050426","12",51047962,51060424,"LETMD1","ortholog_one2one",43.0556
"ENSGACG00000010752","XII",7255893,7263710,"ENSG00000135404","12",55725323,55729707,"CD63","ortholog_one2one",46.6387
"ENSGACG00000010747","XII",7262630,7269522,"ENSG00000166881","12",57055643,57088063,"NEMP1","ortholog_one2one",47.0721
"ENSGACG00000024772","XII",7270014,7274401,"ENSG00000123353","12",55818041,55821879,"ORMDL2","ortholog_one2one",87.5817
"ENSGACG00000010722","XII",7281517,7290754,"ENSG00000135473","12",56316223,56334053,"PAN2","ortholog_one2one",75.1252
"ENSGACG00000010714","XII",7295452,7309254,"ENSG00000123352","12",49366584,49527425,"SPATS2","ortholog_one2one",46.055
"ENSGACG00000010703","XII",7310402,7313840,"ENSG00000170473","12",55901413,55932618,"PYM1","ortholog_one2one",50.9804
"ENSGACG00000010554","XII",7417817,7431233,"ENSG00000184083","X",54068324,54183281,"FAM120C","ortholog_one2one",59.1241
"ENSGACG00000010525","XII",7436498,7442084,"ENSG00000072506","X",53431258,53434370,"HSD17B10","ortholog_one2one",75.0958
"ENSGACG00000010511","XII",7473922,7482761,"ENSG00000101331","20",32010438,32032180,"CCM2L","ortholog_one2one",63.0473
"ENSGACG00000034585","XII",7552970,7557606,"ENSG00000203883","20",64047582,64049639,"SOX18","ortholog_one2one",44.7917
"ENSGACG00000010495","XII",7573848,7580237,"ENSG00000171703","20",64049836,64072347,"TCEA2","ortholog_one2one",63.2107
"ENSGACG00000010490","XII",7582346,7599805,"ENSG00000171700","20",64073181,64079988,"RGS19","ortholog_one2one",59.9078
"ENSGACG00000010484","XII",7617593,7621316,"ENSG00000214447","17",44903433,44905390,"FAM187A","ortholog_one2one",35.8354
"ENSGACG00000027912","XII",7637135,7674393,"ENSG00000125510","20",64080082,64100643,"OPRL1","ortholog_one2one",60
"ENSGACG00000023884","XII",7707271,7711551,"ENSG00000125522","20",64103802,64107565,"NPBWR2","ortholog_one2one",63.0631
"ENSGACG00000002750","XII",1478411,1483474,"ENSG00000114626","3",127672935,127680926,"ABTB1","ortholog_one2one",61.5063
"ENSGACG00000002777","XII",1511948,1515069,"ENSG00000163686","3",58237532,58295693,"ABHD6","ortholog_one2one",63.7982
"ENSGACG00000002792","XII",1527456,1536421,"ENSG00000101104","20",44910060,44959035,"PABPC1L","ortholog_one2one",60.5816
"ENSGACG00000002797","XII",1536096,1542248,"ENSG00000131051","20",35701347,35742312,"RBM39","ortholog_one2one",73.2076
"ENSGACG00000002815","XII",1574004,1584441,"ENSG00000143486","1",206571292,206612465,"EIF2D","ortholog_one2one",56.5069
"ENSGACG00000002844","XII",1586943,1607265,"ENSG00000184371","1",109910242,109930992,"CSF1","ortholog_one2one",7.94224
"ENSGACG00000002847","XII",1608442,1612167,"ENSG00000143839","1",204154819,204190324,"REN","ortholog_one2one",49.0148
"ENSGACG00000002887","XII",1752900,1760996,"ENSG00000172053","3",49095932,49105130,"QARS1","ortholog_one2one",73.9355
"ENSGACG00000002899","XII",1758615,1762715,"ENSG00000114026","3",9749944,9788219,"OGG1","ortholog_one2one",48.1159
"ENSGACG00000002926","XII",1927232,1934974,"ENSG00000227057","6",33279108,33289247,"WDR46","ortholog_one2one",49.6721
"ENSGACG00000002941","XII",1939178,1946133,"ENSG00000177463","3",14947583,15053600,"NR2C2","ortholog_one2one",75
"ENSGACG00000035443","XII",1947356,1948934,"ENSG00000131368","3",15009611,15065339,"MRPS25","ortholog_one2one",72.2543
"ENSGACG00000002965","XII",1949512,1954832,"ENSG00000131381","3",15070069,15099163,"RBSN","ortholog_one2one",55.4847
"ENSGACG00000002980","XII",1957414,2010119,"ENSG00000170893","3",129974688,129977935,"TRH","ortholog_one2one",33.4711
"ENSGACG00000002985","XII",2008018,2056908,"ENSG00000004399","3",129555214,129606676,"PLXND1","ortholog_one2one",57.9221
"ENSGACG00000036717","XII",2061118,2078617,"ENSG00000163913","3",129429607,129520510,"IFT122","ortholog_one2one",72.7639
"ENSGACG00000000090","XII",2169906,2174067,"ENSG00000163703","3",9933793,9945413,"CRELD1","ortholog_one2one",56.1905
"ENSGACG00000000086","XII",2190774,2200920,"ENSG00000156983","3",9731729,9748019,"BRPF1","ortholog_one2one",73.6885
"ENSGACG00000000079","XII",2263099,2301476,"ENSG00000127084","9",92947523,93036236,"FGD3","ortholog_one2one",52.2759
"ENSGACG00000000064","XII",2397372,2418544,"ENSG00000132182","3",13316235,13420322,"NUP210","ortholog_one2one",58.3466
"ENSGACG00000026645","XII",2485064,2491463,"ENSG00000169704","3",129060779,129062406,"GP9","ortholog_one2one",32.2034
"ENSGACG00000000060","XII",2495722,2508769,"ENSG00000132155","3",12582101,12664201,"RAF1","ortholog_one2one",78.858
"ENSGACG00000000059","XII",2514128,2523501,"ENSG00000157152","3",12004388,12192032,"SYN2","ortholog_one2one",52.4055
"ENSGACG00000034724","XII",4714141,4729861,"ENSG00000171735","1",6785454,7769706,"CAMTA1","ortholog_one2one",26.5989
"ENSGACG00000027991","XII",4733805,4735418,"ENSG00000049247","1",7843083,7853512,"UTS2","ortholog_one2one",23.3871
"ENSGACG00000012365","XII",4756346,4775358,"ENSG00000107404","1",1335276,1349418,"DVL1","ortholog_one2one",72.2302
"ENSGACG00000012359","XII",4784611,4786539,"ENSG00000175756","1",1373730,1375207,"AURKAIP1","ortholog_one2one",41.206
"ENSGACG00000031708","XII",4850972,4853859,"ENSG00000169188","X",55000363,55009057,"APEX2","ortholog_one2one",46.5251
"ENSGACG00000012263","XII",4855682,4862272,"ENSG00000017483","X",48458537,48470260,"SLC38A5","ortholog_one2one",62.7119
"ENSGACG00000012202","XII",4903757,4910013,"ENSG00000101940","X",48590042,48608869,"WDR13","ortholog_one2one",81.8557
"ENSGACG00000012127","XII",5020143,5026675,"ENSG00000068394","X",49113407,49123735,"GPKOW","ortholog_one2one",42.8571
"ENSGACG00000012123","XII",5025057,5029568,"ENSG00000102103","X",48890197,48903402,"PQBP1","ortholog_one2one",60.3774
"ENSGACG00000036213","XII",5029052,5032698,"ENSG00000126768","X",48893447,48898143,"TIMM17B","ortholog_one2one",81.9767
"ENSGACG00000012087","XII",5062118,5084814,"ENSG00000012211","X",49174802,49186528,"PRICKLE3","ortholog_one2one",52.3577
"ENSGACG00000012046","XII",5131271,5137751,"ENSG00000130590","20",63974116,63980008,"SAMD10","ortholog_one2one",58.9109
"ENSGACG00000011834","XII",5310837,5318706,"ENSG00000117153","1",202891116,202928636,"KLHL12","ortholog_one2one",89.9648
"ENSGACG00000011828","XII",5319153,5325172,"ENSG00000196396","20",50510321,50585241,"PTPN1","ortholog_one2one",61.6092
"ENSGACG00000024967","XII",5333213,5338031,"ENSG00000172216","20",50190734,50192690,"CEBPB","ortholog_one2one",33.3333
"ENSGACG00000011805","XII",5347581,5351542,"ENSG00000101276","20",760080,776015,"SLC52A3","ortholog_one2one",51.3859
"ENSGACG00000028900","XII",5394161,5396152,"ENSG00000271303","20",646615,653200,"SRXN1","ortholog_one2one",51.8248
"ENSGACG00000011783","XII",5407499,5421144,"ENSG00000158296","20",46557823,46684467,"SLC13A3","ortholog_one2one",63.6213
"ENSGACG00000011781","XII",5424200,5427076,"ENSG00000149635","20",46540946,46550654,"OCSTAMP","ortholog_one2one",22.6148
"ENSGACG00000011767","XII",5446312,5452599,"ENSG00000166856","12",56994492,56998447,"GPR182","ortholog_one2one",34.901
"ENSGACG00000036584","XII",5450215,5456270,"ENSG00000166860","12",56998836,57006546,"ZBTB39","ortholog_one2one",38.2022
"ENSGACG00000011730","XII",5477270,5481652,"ENSG00000135452","12",57738013,57750219,"TSPAN31","ortholog_one2one",70
"ENSGACG00000011678","XII",5512255,5519605,"ENSG00000175215","12",57819927,57846729,"CTDSP2","ortholog_one2one",68.6347
"ENSGACG00000011650","XII",5521016,5525753,"ENSG00000139644","12",49707725,49764934,"TMBIM6","ortholog_one2one",74.6835
"ENSGACG00000011642","XII",5526892,5552315,"ENSG00000167566","12",49791146,49828750,"NCKAP5L","ortholog_one2one",28.1859
"ENSGACG00000011630","XII",5552801,5559905,"ENSG00000139620","12",48653211,48682238,"KANSL2","ortholog_one2one",64.2276
"ENSGACG00000011626","XII",5561114,5567411,"ENSG00000129315","12",48688458,48716998,"CCNT1","ortholog_one2one",49.8623
"ENSGACG00000011615","XII",5567789,5573627,"ENSG00000205323","12",55752463,55817724,"SARNP","ortholog_one2one",52.8571
"ENSGACG00000011519","XII",5600342,5611350,"ENSG00000149596","20",44106590,44187188,"JPH2","ortholog_one2one",58.1897
"ENSGACG00000011509","XII",5611092,5622140,"ENSG00000124194","20",44247099,44280947,"GDAP1L1","ortholog_one2one",79.2915
"ENSGACG00000026879","XII",5624471,5631227,"ENSG00000197296","20",44302840,44311202,"FITM2","ortholog_one2one",41.6031
"ENSGACG00000011485","XII",5626963,5647038,"ENSG00000101076","20",44355699,44432845,"HNF4A","ortholog_one2one",77.4336
"ENSGACG00000011479","XII",5647937,5653380,"ENSG00000124120","20",44475874,44494603,"TTPAL","ortholog_one2one",65.2047
"ENSGACG00000033449","XII",5664110,5685991,"ENSG00000168734","20",44531785,44624247,"PKIG","ortholog_one2one",50
"ENSGACG00000011456","XII",5672806,5686280,"ENSG00000196839","20",44584896,44652252,"ADA","ortholog_one2one",62.8099
"ENSGACG00000011410","XII",5705577,5715053,"ENSG00000158571","X",54932961,54998534,"PFKFB1","ortholog_one2one",75.1592
"ENSGACG00000011406","XII",5715005,5725277,"ENSG00000102313","X",54748918,54798255,"ITIH6","ortholog_one2one",33.8918
"ENSGACG00000011384","XII",5726391,5731901,"ENSG00000203879","X",154436913,154443467,"GDI1","ortholog_one2one",92.8412
"ENSGACG00000023796","XII",5737364,5739153,"ENSG00000173947","1",111346600,111353013,"CIMAP3","ortholog_one2one",36.1257
"ENSGACG00000011353","XII",5759907,5775087,"ENSG00000135596","6",109444062,109465968,"MICAL1","ortholog_one2one",45.7357
"ENSGACG00000011338","XII",5801638,5806512,"ENSG00000158828","1",20633458,20651511,"PINK1","ortholog_one2one",51.463
"ENSGACG00000027888","XII",5849251,5852907,"ENSG00000090432","1",20499448,20508151,"MUL1","ortholog_one2one",60.2273
"ENSGACG00000011296","XII",5858136,5875682,"ENSG00000158816","1",20290875,20359518,"VWA5B1","ortholog_one2one",48.4774
"ENSGACG00000033708","XII",5878875,5884094,"ENSG00000162543","1",20186096,20196050,"UBXN10","ortholog_one2one",26.7857
"ENSGACG00000011260","XII",5885788,5893685,"ENSG00000127054","1",1311585,1324687,"INTS11","ortholog_one2one",82.1667
"ENSGACG00000011217","XII",5962108,5967650,"ENSG00000078808","1",1216931,1232031,"SDF4","ortholog_one2one",72.3944
"ENSGACG00000011209","XII",5969218,5983625,"ENSG00000184163","1",1242446,1246722,"C1QTNF12","ortholog_one2one",50.6623
"ENSGACG00000011194","XII",6005153,6046108,"ENSG00000134207","1",114089291,114153880,"SYT6","ortholog_one2one",68.4314
"ENSGACG00000011193","XII",6062648,6069311,"ENSG00000162413","1",6590724,6614607,"KLHL21","ortholog_one2one",69.6817
"ENSGACG00000011187","XII",6069565,6076796,"ENSG00000204859","1",6579994,6589280,"ZBTB48","ortholog_one2one",47.3837
"ENSGACG00000011186","XII",6075867,6082385,"ENSG00000162408","1",6521347,6554513,"NOL9","ortholog_one2one",35.755
"ENSGACG00000011168","XII",6083668,6132630,"ENSG00000171680","1",6467122,6520074,"PLEKHG5","ortholog_one2one",54.9702
"ENSGACG00000025846","XII",6167132,6196048,"ENSG00000054803","20",55997357,56005519,"CBLN4","ortholog_one2one",58.209
"ENSGACG00000037977","XII",6222158,6225374,"ENSG00000101132","20",54207921,54228052,"PFDN4","ortholog_one2one",76.1194
"ENSGACG00000037030","XII",6244455,6247694,"ENSG00000171940","20",53567071,53609907,"ZNF217","ortholog_one2one",31.7748
"ENSGACG00000011135","XII",6276526,6282953,"ENSG00000182463","20",52972358,53495330,"TSHZ2","ortholog_one2one",56.383
"ENSGACG00000036347","XII",6366630,6370546,"ENSG00000020256","20",52051663,52204308,"ZFP64","ortholog_one2one",46.8429
"ENSGACG00000011124","XII",6391238,6398072,"ENSG00000101115","20",51782331,51802521,"SALL4","ortholog_one2one",45.0142
"ENSGACG00000011089","XII",6399430,6423669,"ENSG00000054793","20",51596514,51768390,"ATP9A","ortholog_one2one",91.022
"ENSGACG00000011084","XII",6456561,6465434,"ENSG00000026559","20",51003656,51023107,"KCNG1","ortholog_one2one",71.345
"ENSGACG00000011061","XII",6493553,6500791,"ENSG00000116771","1",15571699,15585051,"AGMAT","ortholog_one2one",63.3523
"ENSGACG00000011047","XII",6502075,6576966,"ENSG00000142798","1",21822244,21937310,"HSPG2","ortholog_one2one",44.5457
"ENSGACG00000011031","XII",6676945,6681979,"ENSG00000081019","1",113761832,113812476,"RSBN1","ortholog_one2one",48.5037
"ENSGACG00000011000","XII",7005309,7012338,"ENSG00000174502","1",205913048,205943460,"SLC26A9","ortholog_one2one",60.177
"ENSGACG00000037436","XII",7013113,7015243,"ENSG00000211584","12",47753916,47782751,"SLC48A1","ortholog_one2one",46.5753
"ENSGACG00000010990","XII",7016128,7035170,"ENSG00000079337","12",47734363,47771040,"RAPGEF3","ortholog_one2one",51.3543
"ENSGACG00000025649","XII",5838107,5842565,"ENSG00000183114","1",20552573,20555020,"FAM43B","ortholog_one2one",50.4559
"ENSGACG00000015129","XII",3042709,3048596,"ENSG00000054796","20",57329803,57343994,"SPO11","ortholog_one2one",58.0808
"ENSGACG00000009394","XII",9317763,9321856,"ENSG00000180818","12",53985065,53990279,"HOXC10","ortholog_one2one",38.3041
"ENSGACG00000002830","XII",1583474,1591039,"ENSG00000162889","1",206684905,206734281,"MAPKAPK2","ortholog_one2one",66.5
"ENSGACG00000000075","XII",2304857,2337047,"ENSG00000185963","9",92711363,92764833,"BICD2","ortholog_one2one",72.7485
"ENSGACG00000011366","XII",5738456,5742973,"ENSG00000137413","6",42050513,42087461,"TAF8","ortholog_one2one",74.5161
