chr12	0	1000
chr12	3000	4000
chr12	23000	24000
chr12	24000	25000
chr12	38000	39000
chr12	44000	45000
chr12	45000	46000
chr12	52000	53000
chr12	57000	58000
chr12	67000	68000
chr12	68000	69000
chr12	69000	70000
chr12	82000	83000
chr12	83000	84000
chr12	86000	87000
chr12	117000	118000
chr12	121000	122000
chr12	122000	123000
chr12	123000	124000
chr12	126000	127000
chr12	127000	128000
chr12	138000	139000
chr12	172000	173000
chr12	173000	174000
chr12	174000	175000
chr12	225000	226000
chr12	226000	227000
chr12	227000	228000
chr12	228000	229000
chr12	230000	231000
chr12	231000	232000
chr12	234000	235000
chr12	246000	247000
chr12	247000	248000
chr12	248000	249000
chr12	253000	254000
chr12	291000	292000
chr12	292000	293000
chr12	335000	336000
chr12	354000	355000
chr12	355000	356000
chr12	356000	357000
chr12	357000	358000
chr12	358000	359000
chr12	371000	372000
chr12	383000	384000
chr12	399000	400000
chr12	400000	401000
chr12	411000	412000
chr12	441000	442000
chr12	443000	444000
chr12	444000	445000
chr12	445000	446000
chr12	446000	447000
chr12	542000	543000
chr12	544000	545000
chr12	545000	546000
chr12	546000	547000
chr12	547000	548000
chr12	548000	549000
chr12	549000	550000
chr12	558000	559000
chr12	573000	574000
chr12	578000	579000
chr12	585000	586000
chr12	592000	593000
chr12	629000	630000
chr12	650000	651000
chr12	652000	653000
chr12	653000	654000
chr12	654000	655000
chr12	675000	676000
chr12	676000	677000
chr12	694000	695000
chr12	721000	722000
chr12	722000	723000
chr12	726000	727000
chr12	743000	744000
chr12	760000	761000
chr12	761000	762000
chr12	767000	768000
chr12	787000	788000
chr12	791000	792000
chr12	795000	796000
chr12	804000	805000
chr12	805000	806000
chr12	806000	807000
chr12	807000	808000
chr12	810000	811000
chr12	837000	838000
chr12	846000	847000
chr12	847000	848000
chr12	848000	849000
chr12	849000	850000
chr12	862000	863000
chr12	906000	907000
chr12	909000	910000
chr12	910000	911000
chr12	913000	914000
chr12	914000	915000
chr12	915000	916000
chr12	932000	933000
chr12	933000	934000
chr12	934000	935000
chr12	935000	936000
chr12	936000	937000
chr12	937000	938000
chr12	938000	939000
chr12	939000	940000
chr12	940000	941000
chr12	941000	942000
chr12	942000	943000
chr12	943000	944000
chr12	946000	947000
chr12	948000	949000
chr12	949000	950000
chr12	953000	954000
chr12	955000	956000
chr12	966000	967000
chr12	967000	968000
chr12	968000	969000
chr12	972000	973000
chr12	973000	974000
chr12	975000	976000
chr12	976000	977000
chr12	977000	978000
chr12	1022000	1023000
chr12	1029000	1030000
chr12	1043000	1044000
chr12	1054000	1055000
chr12	1059000	1060000
chr12	1065000	1066000
chr12	1066000	1067000
chr12	1067000	1068000
chr12	1068000	1069000
chr12	1069000	1070000
chr12	1070000	1071000
chr12	1071000	1072000
chr12	1082000	1083000
chr12	1083000	1084000
chr12	1084000	1085000
chr12	1103000	1104000
chr12	1104000	1105000
chr12	1135000	1136000
chr12	1141000	1142000
chr12	1169000	1170000
chr12	1217000	1218000
chr12	1218000	1219000
chr12	1229000	1230000
chr12	1241000	1242000
chr12	1248000	1249000
chr12	1249000	1250000
chr12	1274000	1275000
chr12	1276000	1277000
chr12	1289000	1290000
chr12	1310000	1311000
chr12	1338000	1339000
chr12	1339000	1340000
chr12	1343000	1344000
chr12	1360000	1361000
chr12	1366000	1367000
chr12	1367000	1368000
chr12	1368000	1369000
chr12	1369000	1370000
chr12	1418000	1419000
chr12	1422000	1423000
chr12	1439000	1440000
chr12	1440000	1441000
chr12	1451000	1452000
chr12	1472000	1473000
chr12	1473000	1474000
chr12	1475000	1476000
chr12	1479000	1480000
chr12	1480000	1481000
chr12	1493000	1494000
chr12	1494000	1495000
chr12	1498000	1499000
chr12	1499000	1500000
chr12	1500000	1501000
chr12	1501000	1502000
chr12	1502000	1503000
chr12	1504000	1505000
chr12	1519000	1520000
chr12	1526000	1527000
chr12	1527000	1528000
chr12	1541000	1542000
chr12	1546000	1547000
chr12	1592000	1593000
chr12	1606000	1607000
chr12	1645000	1646000
chr12	1690000	1691000
chr12	1698000	1699000
chr12	1725000	1726000
chr12	1774000	1775000
chr12	1775000	1776000
chr12	1817000	1818000
chr12	1819000	1820000
chr12	1825000	1826000
chr12	1827000	1828000
chr12	1830000	1831000
chr12	1900000	1901000
chr12	1902000	1903000
chr12	1904000	1905000
chr12	1913000	1914000
chr12	1935000	1936000
chr12	1936000	1937000
chr12	1937000	1938000
chr12	1938000	1939000
chr12	1939000	1940000
chr12	1940000	1941000
chr12	1941000	1942000
chr12	1963000	1964000
chr12	2016000	2017000
chr12	2017000	2018000
chr12	2018000	2019000
chr12	2038000	2039000
chr12	2040000	2041000
chr12	2041000	2042000
chr12	2042000	2043000
chr12	2059000	2060000
chr12	2062000	2063000
chr12	2070000	2071000
chr12	2130000	2131000
chr12	2155000	2156000
chr12	2156000	2157000
chr12	2230000	2231000
chr12	2359000	2360000
chr12	2377000	2378000
chr12	2412000	2413000
chr12	2413000	2414000
chr12	2445000	2446000
chr12	2502000	2503000
chr12	2504000	2505000
chr12	2525000	2526000
chr12	2550000	2551000
chr12	2552000	2553000
chr12	2596000	2597000
chr12	2633000	2634000
chr12	2684000	2685000
chr12	2760000	2761000
chr12	3006000	3007000
chr12	3007000	3008000
chr12	3027000	3028000
chr12	3260000	3261000
chr12	3261000	3262000
chr12	3262000	3263000
chr12	3511000	3512000
chr12	3593000	3594000
chr12	3655000	3656000
chr12	3683000	3684000
chr12	3691000	3692000
chr12	3881000	3882000
chr12	3887000	3888000
chr12	3898000	3899000
chr12	3984000	3985000
chr12	4184000	4185000
chr12	4245000	4246000
chr12	4261000	4262000
chr12	4864000	4865000
chr12	5108000	5109000
chr12	5390000	5391000
chr12	5435000	5436000
chr12	6105000	6106000
chr12	6108000	6109000
chr12	6109000	6110000
chr12	6110000	6111000
chr12	6159000	6160000
chr12	6163000	6164000
chr12	6239000	6240000
chr12	6243000	6244000
chr12	6246000	6247000
chr12	6251000	6252000
chr12	6255000	6256000
chr12	6296000	6297000
chr12	6421000	6422000
chr12	6640000	6641000
chr12	6740000	6741000
chr12	6787000	6788000
chr12	7802000	7803000
chr12	7806000	7807000
chr12	7807000	7808000
chr12	7836000	7837000
chr12	8149000	8150000
chr12	8239000	8240000
chr12	8417000	8418000
chr12	8418000	8419000
chr12	8419000	8420000
chr12	8420000	8421000
chr12	8421000	8422000
chr12	8422000	8423000
chr12	8423000	8424000
chr12	8424000	8425000
chr12	8425000	8426000
chr12	8426000	8427000
chr12	8427000	8428000
chr12	8428000	8429000
chr12	8429000	8430000
chr12	8435000	8436000
chr12	8748000	8749000
chr12	8765000	8766000
chr12	8825000	8826000
chr12	8826000	8827000
chr12	8932000	8933000
chr12	8933000	8934000
chr12	8934000	8935000
chr12	8935000	8936000
chr12	9035000	9036000
chr12	9106000	9107000
chr12	9236000	9237000
chr12	9324000	9325000
chr12	9446000	9447000
chr12	9447000	9448000
chr12	9448000	9449000
chr12	9449000	9450000
chr12	9735000	9736000
chr12	9736000	9737000
chr12	9811000	9812000
chr12	9812000	9813000
chr12	9868000	9869000
chr12	9869000	9870000
chr12	9928000	9929000
chr12	10079000	10080000
chr12	10080000	10081000
chr12	10081000	10082000
chr12	10082000	10083000
chr12	10183000	10184000
chr12	10447000	10448000
chr12	10448000	10449000
chr12	10449000	10450000
chr12	10478000	10479000
chr12	10614000	10615000
chr12	11475000	11476000
chr12	11758000	11759000
chr12	11759000	11760000
chr12	11846000	11847000
chr12	11847000	11848000
chr12	11906000	11907000
chr12	11907000	11908000
chr12	11961000	11962000
chr12	11962000	11963000
chr12	11979000	11980000
chr12	12374000	12375000
chr12	12376000	12377000
chr12	12506000	12507000
chr12	12507000	12508000
chr12	12811000	12812000
chr12	12825000	12826000
chr12	12826000	12827000
chr12	12835000	12836000
chr12	12846000	12847000
chr12	12847000	12848000
chr12	13070000	13071000
chr12	13109000	13110000
chr12	13110000	13111000
chr12	13111000	13112000
chr12	13112000	13113000
chr12	13113000	13114000
chr12	13140000	13141000
chr12	13141000	13142000
chr12	13203000	13204000
chr12	13204000	13205000
chr12	13206000	13207000
chr12	13207000	13208000
chr12	13208000	13209000
chr12	13215000	13216000
chr12	13217000	13218000
chr12	13218000	13219000
chr12	13220000	13221000
chr12	13226000	13227000
chr12	13267000	13268000
chr12	13320000	13321000
chr12	13633000	13634000
chr12	13836000	13837000
chr12	14151000	14152000
chr12	14153000	14154000
chr12	14170000	14171000
chr12	14539000	14540000
chr12	14637000	14638000
chr12	14831000	14832000
chr12	14835000	14836000
chr12	14846000	14847000
chr12	15055000	15056000
chr12	15056000	15057000
chr12	15057000	15058000
chr12	15058000	15059000
chr12	15059000	15060000
chr12	15061000	15062000
chr12	15063000	15064000
chr12	15064000	15065000
chr12	15066000	15067000
chr12	15067000	15068000
chr12	15068000	15069000
chr12	15069000	15070000
chr12	15070000	15071000
chr12	15072000	15073000
chr12	15073000	15074000
chr12	15075000	15076000
chr12	15076000	15077000
chr12	15077000	15078000
chr12	15078000	15079000
chr12	15079000	15080000
chr12	15080000	15081000
chr12	15081000	15082000
chr12	15082000	15083000
chr12	15083000	15084000
chr12	15113000	15114000
chr12	15114000	15115000
chr12	15119000	15120000
chr12	15155000	15156000
chr12	15156000	15157000
chr12	15157000	15158000
chr12	15189000	15190000
chr12	15190000	15191000
chr12	15193000	15194000
chr12	15196000	15197000
chr12	15197000	15198000
chr12	15198000	15199000
chr12	15199000	15200000
chr12	15200000	15201000
chr12	15201000	15202000
chr12	15202000	15203000
chr12	15203000	15204000
chr12	15204000	15205000
chr12	15205000	15206000
chr12	15206000	15207000
chr12	15207000	15208000
chr12	15388000	15389000
chr12	15704000	15705000
chr12	15723000	15724000
chr12	15733000	15734000
chr12	15817000	15818000
chr12	16170000	16171000
chr12	16171000	16172000
chr12	16398000	16399000
chr12	16399000	16400000
chr12	16973000	16974000
chr12	17106000	17107000
chr12	17107000	17108000
chr12	17116000	17117000
chr12	17175000	17176000
chr12	17176000	17177000
chr12	17236000	17237000
chr12	17239000	17240000
chr12	17240000	17241000
chr12	17393000	17394000
chr12	17516000	17517000
chr12	17538000	17539000
chr12	17601000	17602000
chr12	17602000	17603000
chr12	17603000	17604000
chr12	17604000	17605000
chr12	17605000	17606000
chr12	17612000	17613000
chr12	17613000	17614000
chr12	17614000	17615000
chr12	17615000	17616000
chr12	17616000	17617000
chr12	17815000	17816000
chr12	17816000	17817000
chr12	17826000	17827000
chr12	17895000	17896000
chr12	17896000	17897000
chr12	17915000	17916000
chr12	18119000	18120000
chr12	18120000	18121000
chr12	18121000	18122000
chr12	18155000	18156000
chr12	18218000	18219000
chr12	18268000	18269000
chr12	18269000	18270000
chr12	18270000	18271000
chr12	18271000	18272000
chr12	18272000	18273000
chr12	18273000	18274000
chr12	18274000	18275000
chr12	18275000	18276000
chr12	18306000	18307000
chr12	18400000	18401000
chr12	18404000	18405000
chr12	18405000	18406000
chr12	18656000	18657000
chr12	18657000	18658000
chr12	18954000	18955000
chr12	19122000	19123000
chr12	19123000	19124000
chr12	19124000	19125000
chr12	19126000	19127000
chr12	19127000	19128000
chr12	19129000	19130000
chr12	19131000	19132000
chr12	19132000	19133000
chr12	19135000	19136000
chr12	19137000	19138000
chr12	19138000	19139000
chr12	19149000	19150000
chr12	19158000	19159000
chr12	19159000	19160000
chr12	19160000	19161000
chr12	19281000	19282000
chr12	19282000	19283000
chr12	19499000	19500000
chr12	19609000	19610000
chr12	19636000	19637000
chr12	19637000	19638000
chr12	19638000	19639000
chr12	19645000	19646000
chr12	19646000	19647000
chr12	19647000	19648000
chr12	19830000	19831000
chr12	20026000	20027000
chr12	20027000	20028000
chr12	20028000	20029000
chr12	20030000	20031000
chr12	20031000	20032000
chr12	20032000	20033000
chr12	20033000	20034000
chr12	20034000	20035000
chr12	20035000	20036000
chr12	20036000	20037000
chr12	20037000	20038000
chr12	20038000	20039000
chr12	20039000	20040000
chr12	20040000	20041000
chr12	20041000	20042000
chr12	20042000	20043000
chr12	20043000	20044000
chr12	20044000	20045000
chr12	20045000	20046000
chr12	20046000	20047000
chr12	20047000	20048000
chr12	20048000	20049000
chr12	20049000	20050000
chr12	20050000	20051000
chr12	20051000	20052000
chr12	20052000	20053000
chr12	20053000	20054000
chr12	20054000	20055000
chr12	20056000	20057000
chr12	20058000	20059000
chr12	20059000	20060000
chr12	20060000	20061000
chr12	20061000	20062000
chr12	20063000	20064000
chr12	20064000	20065000
chr12	20065000	20066000
chr12	20067000	20068000
chr12	20068000	20069000
chr12	20069000	20070000
chr12	20070000	20071000
chr12	20072000	20073000
chr12	20073000	20074000
chr12	20078000	20079000
chr12	20079000	20080000
chr12	20082000	20083000
chr12	20083000	20084000
chr12	20084000	20085000
chr12	20085000	20086000
chr12	20088000	20089000
chr12	20091000	20092000
chr12	20093000	20094000
chr12	20096000	20097000
chr12	20143000	20144000
chr12	20184000	20185000
chr12	20268000	20269000
chr12	20271000	20272000
chr12	20345000	20346000
chr12	20448000	20449000
chr12	20449000	20450000
chr12	20450000	20451000
chr12	20453000	20454000
chr12	20454000	20455000
chr12	20480000	20481000
chr12	20481000	20482000
chr12	20546000	20547000
chr12	20588000	20589000
chr12	20589000	20590000
chr12	20590000	20591000
chr12	20704000	20705000
chr12	20753000	20754000
chr12	20754000	20755000
chr12	20761000	20762000
chr12	20762000	20763000
chr12	20826000	20827000
chr12	20864000	20865000
chr12	20867000	20868000
chr12	20885000	20886000
chr12	20888000	20889000
chr12	20889000	20890000
chr12	20895000	20896000
chr12	20896000	20897000
chr12	21100000	21101000
chr12	21101000	21102000
chr12	21106000	21107000
chr12	21107000	21108000
chr12	21108000	21109000
chr12	21130000	21131000
chr12	21133000	21134000
chr12	21144000	21145000
chr12	21154000	21155000
chr12	21164000	21165000
chr12	21165000	21166000
chr12	21169000	21170000
chr12	21292000	21293000
chr12	21293000	21294000
chr12	21294000	21295000
chr12	21340000	21341000
chr12	21364000	21365000
chr12	21367000	21368000
chr12	21371000	21372000
chr12	21372000	21373000
chr12	21373000	21374000
chr12	21374000	21375000
chr12	21376000	21377000
chr12	21377000	21378000
chr12	21378000	21379000
chr12	21435000	21436000
chr12	21447000	21448000
chr12	21452000	21453000
chr12	21453000	21454000
chr12	21454000	21455000
chr12	21455000	21456000
chr12	21456000	21457000
chr12	21471000	21472000
chr12	21482000	21483000
chr12	21483000	21484000
chr12	21507000	21508000
chr12	21508000	21509000
chr12	21522000	21523000
chr12	21546000	21547000
chr12	21547000	21548000
chr12	21554000	21555000
chr12	21556000	21557000
chr12	21557000	21558000
chr12	21558000	21559000
chr12	21559000	21560000
chr12	21560000	21561000
chr12	21561000	21562000
chr12	21562000	21563000
chr12	21563000	21564000
chr12	21564000	21565000
chr12	21565000	21566000
chr12	21566000	21567000
chr12	21567000	21568000
chr12	21568000	21569000
chr12	21569000	21570000
chr12	21570000	21571000
chr12	21571000	21572000
chr12	21572000	21573000
chr12	21573000	21574000
chr12	21574000	21575000
chr12	21575000	21576000
chr12	21576000	21577000
chr12	21577000	21578000
chr12	21578000	21579000
chr12	21579000	21580000
chr12	21580000	21581000
chr12	21581000	21582000
chr12	21582000	21583000
chr12	21583000	21584000
chr12	21584000	21585000
chr12	21585000	21586000
chr12	21586000	21587000
chr12	21587000	21588000
chr12	21588000	21589000
chr12	21589000	21590000
chr12	21590000	21591000
chr12	21591000	21592000
chr12	21592000	21593000
chr12	21593000	21594000
chr12	21595000	21596000
chr12	21596000	21597000
chr12	21597000	21598000
chr12	21598000	21599000
chr12	21599000	21600000
chr12	21600000	21601000
chr12	21601000	21602000
chr12	21602000	21603000
chr12	21603000	21604000
chr12	21604000	21605000
chr12	21605000	21606000
chr12	21606000	21607000
chr12	21607000	21608000
chr12	21608000	21609000
chr12	21609000	21610000
chr12	21610000	21611000
chr12	21611000	21612000
chr12	21613000	21614000
chr12	21614000	21615000
chr12	21615000	21616000
chr12	21616000	21617000
chr12	21617000	21618000
chr12	21618000	21619000
chr12	21619000	21620000
chr12	21620000	21621000
chr12	21621000	21622000
chr12	21623000	21624000
chr12	21624000	21625000
chr12	21625000	21626000
chr12	21626000	21627000
chr12	21627000	21628000
chr12	21628000	21629000
chr12	21629000	21630000
chr12	21630000	21631000
chr12	21631000	21632000
chr12	21632000	21633000
chr12	21633000	21634000
chr12	21635000	21636000
chr12	21636000	21637000
chr12	21638000	21639000
chr12	21639000	21640000
chr12	21640000	21641000
chr12	21641000	21642000
chr12	21642000	21643000
chr12	21644000	21645000
chr12	21645000	21646000
chr12	21646000	21647000
chr12	21648000	21649000
chr12	21650000	21651000
chr12	21651000	21652000
chr12	21652000	21653000
chr12	21653000	21654000
chr12	21654000	21655000
chr12	21655000	21656000
chr12	21656000	21657000
chr12	21657000	21658000
chr12	21658000	21659000
chr12	21659000	21660000
chr12	21660000	21661000
chr12	21661000	21662000
chr12	21662000	21663000
chr12	21663000	21664000
chr12	21664000	21665000
chr12	21665000	21666000
chr12	21666000	21667000
chr12	21667000	21668000
chr12	21668000	21669000
chr12	21669000	21670000
chr12	21670000	21671000
chr12	21671000	21672000
chr12	21672000	21673000
chr12	21673000	21674000
chr12	21674000	21675000
chr12	21675000	21676000
chr12	21676000	21677000
chr12	21677000	21678000
chr12	21678000	21679000
chr12	21679000	21680000
chr12	21680000	21681000
chr12	21681000	21682000
chr12	21682000	21683000
chr12	21683000	21684000
chr12	21684000	21685000
chr12	21685000	21686000
chr12	21686000	21687000
chr12	21687000	21688000
chr12	21688000	21689000
chr12	21689000	21690000
chr12	21690000	21691000
chr12	21691000	21692000
chr12	21692000	21693000
chr12	21693000	21694000
chr12	21694000	21695000
chr12	21695000	21696000
chr12	21696000	21697000
chr12	21697000	21698000
chr12	21698000	21699000
chr12	21699000	21700000
chr12	21700000	21701000
chr12	21701000	21702000
chr12	21702000	21703000
chr12	21703000	21704000
chr12	21704000	21705000
chr12	21705000	21706000
chr12	21706000	21707000
chr12	21707000	21708000
chr12	21708000	21709000
chr12	21709000	21710000
chr12	21710000	21711000
chr12	21711000	21712000
chr12	21712000	21713000
chr12	21713000	21714000
chr12	21714000	21715000
chr12	21715000	21716000
chr12	21716000	21717000
chr12	21717000	21718000
chr12	21718000	21719000
chr12	21719000	21720000
chr12	21720000	21721000
chr12	21721000	21722000
chr12	21722000	21723000
chr12	21723000	21724000
chr12	21724000	21725000
chr12	21725000	21726000
chr12	21726000	21727000
chr12	21727000	21728000
chr12	21728000	21729000
chr12	21744000	21745000
chr12	21748000	21749000
chr12	21752000	21753000
chr12	21766000	21767000
chr12	21778000	21779000
chr12	21779000	21780000
chr12	21780000	21781000
chr12	21781000	21782000
chr12	21797000	21798000
chr12	21798000	21799000
chr12	21799000	21800000
chr12	21800000	21801000
chr12	21802000	21803000
chr12	21813000	21814000
chr12	21814000	21815000
chr12	21816000	21817000
chr12	21825000	21826000
chr12	21849000	21850000
chr12	21850000	21851000
chr12	21851000	21852000
chr12	21852000	21853000
chr12	21866000	21867000
chr12	21876000	21877000
chr12	21877000	21878000
chr12	21878000	21879000
chr12	21880000	21881000
chr12	21896000	21897000
chr12	21898000	21899000
chr12	21899000	21900000
chr12	21900000	21901000
chr12	21942000	21943000
chr12	21952000	21953000
chr12	21953000	21954000
chr12	21954000	21955000
chr12	21955000	21956000
chr12	21956000	21957000
chr12	21957000	21958000
chr12	21958000	21959000
chr12	21959000	21960000
chr12	21960000	21961000
chr12	21961000	21962000
chr12	21962000	21963000
chr12	21963000	21964000
chr12	21964000	21965000
chr12	21965000	21966000
chr12	21966000	21967000
chr12	21968000	21969000
chr12	21969000	21970000
chr12	21972000	21973000
chr12	21973000	21974000
chr12	21974000	21975000
chr12	21975000	21976000
chr12	21976000	21977000
chr12	21977000	21978000
chr12	21979000	21980000
chr12	21981000	21982000
chr12	21982000	21983000
chr12	21983000	21984000
chr12	21986000	21987000
chr12	21988000	21989000
chr12	21989000	21990000
chr12	21990000	21991000
chr12	21991000	21992000
chr12	21992000	21993000
chr12	21993000	21994000
chr12	21994000	21995000
chr12	21995000	21996000
chr12	22047000	22048000
chr12	22068000	22069000
chr12	22090000	22091000
chr12	22091000	22092000
chr12	22092000	22093000
chr12	22093000	22094000
chr12	22094000	22095000
chr12	22095000	22096000
chr12	22142000	22143000
chr12	22153000	22154000
chr12	22224000	22225000
chr12	22225000	22226000
chr12	22311000	22312000
chr12	22312000	22313000
chr12	22313000	22314000
chr12	22314000	22315000
chr12	22315000	22316000
chr12	22316000	22317000
chr12	22317000	22318000
chr12	22318000	22319000
chr12	22319000	22320000
chr12	22327000	22328000
chr12	22328000	22329000
chr12	22329000	22330000
chr12	22330000	22331000
chr12	22367000	22368000
chr12	22368000	22369000
chr12	22391000	22392000
chr12	22393000	22394000
chr12	22399000	22400000
chr12	22400000	22401000
chr12	22434000	22435000
chr12	22486000	22487000
chr12	22504000	22505000
chr12	22505000	22506000
chr12	22506000	22507000
chr12	22507000	22508000
chr12	22508000	22509000
chr12	22509000	22510000
chr12	22520000	22521000
chr12	22521000	22522000
chr12	22539000	22540000
chr12	22540000	22541000
chr12	22549000	22550000
chr12	22551000	22552000
chr12	22552000	22553000
chr12	22553000	22554000
chr12	22554000	22555000
chr12	22555000	22556000
chr12	22556000	22557000
chr12	22595000	22596000
chr12	22600000	22601000
chr12	22626000	22627000
chr12	22627000	22628000
chr12	22628000	22629000
chr12	22629000	22630000
chr12	22655000	22656000
chr12	22675000	22676000
chr12	22676000	22677000
chr12	22677000	22678000
chr12	22697000	22698000
chr12	22698000	22699000
chr12	22699000	22700000
chr12	22726000	22727000
chr12	22727000	22728000
chr12	22728000	22729000
chr12	22733000	22734000
chr12	22734000	22735000
chr12	22735000	22736000
chr12	22750000	22751000
chr12	22751000	22752000
chr12	22752000	22753000
chr12	22753000	22754000
chr12	22754000	22755000
chr12	22755000	22756000
chr12	22756000	22757000
chr12	22759000	22760000
chr12	22760000	22761000
chr12	22761000	22762000
chr12	22776000	22777000
chr12	22778000	22779000
chr12	22783000	22784000
chr12	22784000	22785000
chr12	22785000	22786000
chr12	22787000	22788000
chr12	22788000	22789000
chr12	22789000	22790000
chr12	22791000	22792000
chr12	22792000	22793000
chr12	22793000	22794000
chr12	22794000	22795000
chr12	22798000	22799000
chr12	22799000	22800000
chr12	22800000	22801000
chr12	22801000	22802000
chr12	22803000	22804000
chr12	22820000	22821000
chr12	22826000	22827000
chr12	22827000	22828000
chr12	22828000	22829000
chr12	22829000	22830000
chr12	22830000	22831000
chr12	22851000	22852000
chr12	22853000	22854000
chr12	22854000	22855000
chr12	22855000	22856000
chr12	22860000	22861000
chr12	22862000	22863000
chr12	22863000	22864000
chr12	22864000	22865000
chr12	22869000	22870000
chr12	22876000	22877000
chr12	22877000	22878000
chr12	22878000	22879000
chr12	22879000	22880000
chr12	22880000	22881000
chr12	22881000	22882000
chr12	22883000	22884000
chr12	22884000	22885000
chr12	22890000	22891000
chr12	22893000	22894000
chr12	22895000	22896000
chr12	22899000	22900000
chr12	22903000	22904000
chr12	22904000	22905000
chr12	22906000	22907000
chr12	22907000	22908000
chr12	22919000	22920000
chr12	22925000	22926000
chr12	22926000	22927000
chr12	22943000	22944000
chr12	22944000	22945000
chr12	22947000	22948000
chr12	22949000	22950000
chr12	22951000	22952000
chr12	22956000	22957000
chr12	22957000	22958000
chr12	22966000	22967000
chr12	22972000	22973000
chr12	22973000	22974000
chr12	22974000	22975000
chr12	22976000	22977000
chr12	22978000	22979000
chr12	22997000	22998000
chr12	22999000	23000000
chr12	23001000	23002000
chr12	23002000	23003000
chr12	23003000	23004000
chr12	23004000	23005000
chr12	23005000	23006000
chr12	23006000	23007000
chr12	23007000	23008000
chr12	23008000	23009000
chr12	23015000	23016000
chr12	23016000	23017000
chr12	23017000	23018000
chr12	23018000	23019000
chr12	23019000	23020000
chr12	23020000	23021000
chr12	23021000	23022000
chr12	23022000	23023000
chr12	23023000	23024000
chr12	23024000	23025000
chr12	23031000	23032000
chr12	23032000	23033000
chr12	23033000	23034000
chr12	23034000	23035000
chr12	23035000	23036000
chr12	23036000	23037000
chr12	23037000	23038000
chr12	23038000	23039000
chr12	23072000	23073000
chr12	23073000	23074000
chr12	23085000	23086000
chr12	23088000	23089000
chr12	23089000	23090000
chr12	23097000	23098000
chr12	23098000	23099000
chr12	23099000	23100000
chr12	23102000	23103000
chr12	23105000	23106000
chr12	23118000	23119000
chr12	23207000	23208000
chr12	23225000	23226000
chr12	23226000	23227000
chr12	23227000	23228000
chr12	23228000	23229000
chr12	23229000	23230000
chr12	23230000	23231000
chr12	23231000	23232000
chr12	23232000	23233000
chr12	23234000	23235000
chr12	23235000	23236000
chr12	23236000	23237000
chr12	23237000	23238000
chr12	23240000	23241000
chr12	23241000	23242000
chr12	23242000	23243000
chr12	23243000	23244000
chr12	23244000	23245000
chr12	23245000	23246000
chr12	23246000	23247000
chr12	23247000	23248000
chr12	23249000	23250000
chr12	23250000	23251000
chr12	23251000	23252000
chr12	23252000	23253000
chr12	23253000	23254000
chr12	23254000	23255000
chr12	23282000	23283000
chr12	23283000	23284000
chr12	23284000	23285000
chr12	23287000	23288000
chr12	23306000	23307000
chr12	23307000	23308000
chr12	23310000	23311000
chr12	23332000	23333000
chr12	23333000	23334000
chr12	23334000	23335000
chr12	23338000	23339000
chr12	23339000	23340000
chr12	23342000	23343000
chr12	23343000	23344000
chr12	23344000	23345000
chr12	23370000	23371000
chr12	23371000	23372000
chr12	23372000	23373000
chr12	23373000	23374000
chr12	23374000	23375000
chr12	23375000	23376000
chr12	23376000	23377000
chr12	23377000	23378000
chr12	23393000	23394000
chr12	23394000	23395000
chr12	23407000	23408000
chr12	23410000	23411000
chr12	23437000	23438000
chr12	23443000	23444000
chr12	23450000	23451000
chr12	23451000	23452000
chr12	23477000	23478000
chr12	23478000	23479000
chr12	23479000	23480000
chr12	23482000	23483000
chr12	23484000	23485000
chr12	23485000	23486000
chr12	23495000	23496000
chr12	23497000	23498000
chr12	23498000	23499000
chr12	23499000	23500000
chr12	23503000	23504000
chr12	23510000	23511000
chr12	23511000	23512000
chr12	23512000	23513000
chr12	23513000	23514000
chr12	23514000	23515000
chr12	23515000	23516000
chr12	23516000	23517000
chr12	23517000	23518000
chr12	23518000	23519000
chr12	23519000	23520000
chr12	23520000	23521000
chr12	23522000	23523000
chr12	23536000	23537000
chr12	23537000	23538000
chr12	23550000	23551000
chr12	23551000	23552000
chr12	23552000	23553000
chr12	23553000	23554000
chr12	23554000	23555000
chr12	23555000	23556000
chr12	23556000	23557000
chr12	23557000	23558000
chr12	23558000	23559000
chr12	23559000	23560000
chr12	23560000	23561000
chr12	23564000	23565000
chr12	23566000	23567000
chr12	23567000	23568000
chr12	23568000	23569000
chr12	23569000	23570000
chr12	23570000	23571000
chr12	23571000	23572000
chr12	23572000	23573000
chr12	23573000	23574000
chr12	23574000	23575000
chr12	23575000	23576000
chr12	23576000	23577000
chr12	23577000	23578000
chr12	23578000	23579000
chr12	23579000	23580000
chr12	23580000	23581000
chr12	23581000	23582000
chr12	23582000	23583000
chr12	23583000	23584000
chr12	23587000	23588000
chr12	23590000	23591000
chr12	23591000	23592000
chr12	23592000	23593000
chr12	23593000	23594000
chr12	23596000	23597000
chr12	23691000	23692000
chr12	23693000	23694000
chr12	23699000	23700000
chr12	23700000	23701000
chr12	23701000	23702000
chr12	23702000	23703000
chr12	23705000	23706000
chr12	23724000	23725000
chr12	23726000	23727000
chr12	23740000	23741000
chr12	23743000	23744000
chr12	23744000	23745000
chr12	23745000	23746000
chr12	23746000	23747000
chr12	23747000	23748000
chr12	23748000	23749000
chr12	23751000	23752000
chr12	23771000	23772000
chr12	23793000	23794000
chr12	23794000	23795000
chr12	23795000	23796000
chr12	23796000	23797000
chr12	23797000	23798000
chr12	23799000	23800000
chr12	23800000	23801000
chr12	23824000	23825000
chr12	23827000	23828000
chr12	23829000	23830000
chr12	23830000	23831000
chr12	23831000	23832000
chr12	23849000	23850000
chr12	23850000	23851000
chr12	23872000	23873000
chr12	23897000	23898000
chr12	23906000	23907000
chr12	23907000	23908000
chr12	23913000	23914000
chr12	23914000	23915000
chr12	23915000	23916000
chr12	23923000	23924000
chr12	23926000	23927000
chr12	23928000	23929000
chr12	23930000	23931000
chr12	23933000	23934000
chr12	23959000	23960000
chr12	23996000	23997000
chr12	24073000	24074000
chr12	24077000	24078000
chr12	24112000	24113000
chr12	24151000	24152000
chr12	24156000	24157000
chr12	24157000	24158000
chr12	24158000	24159000
chr12	24171000	24172000
chr12	24172000	24173000
chr12	24173000	24174000
chr12	24189000	24190000
chr12	24191000	24192000
chr12	24197000	24198000
chr12	24206000	24207000
chr12	24207000	24208000
chr12	24208000	24209000
chr12	24209000	24210000
chr12	24214000	24215000
chr12	24215000	24216000
chr12	24216000	24217000
chr12	24218000	24219000
chr12	24220000	24221000
chr12	24223000	24224000
chr12	24224000	24225000
chr12	24225000	24226000
chr12	24228000	24229000
chr12	24245000	24246000
chr12	24275000	24276000
chr12	24276000	24277000
chr12	24277000	24278000
chr12	24286000	24287000
chr12	24287000	24288000
chr12	24293000	24294000
chr12	24294000	24295000
chr12	24295000	24296000
chr12	24306000	24307000
chr12	24307000	24308000
chr12	24325000	24326000
chr12	24336000	24337000
chr12	24355000	24356000
chr12	24361000	24362000
chr12	24387000	24388000
chr12	24400000	24401000
chr12	24425000	24426000
chr12	24433000	24434000
chr12	24434000	24435000
chr12	24487000	24488000
chr12	24505000	24506000
chr12	24506000	24507000
chr12	24523000	24524000
chr12	24525000	24526000
chr12	24535000	24536000
chr12	24536000	24537000
chr12	24537000	24538000
chr12	24538000	24539000
chr12	24539000	24540000
chr12	24541000	24542000
chr12	24544000	24545000
chr12	24546000	24547000
chr12	24547000	24548000
chr12	24548000	24549000
chr12	24549000	24550000
chr12	24550000	24551000
chr12	24551000	24552000
chr12	24554000	24555000
chr12	24557000	24558000
chr12	24561000	24562000
chr12	24562000	24563000
chr12	24563000	24564000
chr12	24564000	24565000
chr12	24565000	24566000
chr12	24566000	24567000
chr12	24576000	24577000
chr12	24578000	24579000
chr12	24579000	24580000
chr12	24580000	24581000
chr12	24581000	24582000
chr12	24584000	24585000
chr12	24585000	24586000
chr12	24588000	24589000
chr12	24589000	24590000
chr12	24596000	24597000
chr12	24597000	24598000
chr12	24598000	24599000
chr12	24600000	24601000
chr12	24601000	24602000
chr12	24604000	24605000
chr12	24606000	24607000
chr12	24607000	24608000
chr12	24609000	24610000
chr12	24610000	24611000
chr12	24612000	24613000
chr12	24613000	24614000
chr12	24614000	24615000
chr12	24615000	24616000
chr12	24616000	24617000
